seccion,municipio_clave,municipio,distrito_local,distrito_federal,tipo_seccion,tipo_codigo,centroide_lon,centroide_lat
2,1,AHOME,5,2,URBANA,2,-109.021036,25.800578
3,1,AHOME,5,2,URBANA,2,-109.019955,25.802206
4,1,AHOME,5,2,URBANA,2,-109.019427,25.80075
5,1,AHOME,5,2,URBANA,2,-109.020147,25.79959
6,1,AHOME,5,2,URBANA,2,-109.020763,25.798578
7,1,AHOME,5,2,URBANA,2,-109.019492,25.797584
8,1,AHOME,5,2,URBANA,2,-109.016911,25.801519
9,1,AHOME,5,2,URBANA,2,-109.014148,25.799848
10,1,AHOME,5,2,URBANA,2,-109.014809,25.798313
11,1,AHOME,5,2,URBANA,2,-109.015688,25.797735
12,1,AHOME,5,2,URBANA,2,-109.017481,25.79738
13,1,AHOME,5,2,URBANA,2,-109.018275,25.796161
14,1,AHOME,5,2,URBANA,2,-109.023848,25.791377
15,1,AHOME,5,2,URBANA,2,-109.017129,25.794434
16,1,AHOME,5,2,URBANA,2,-109.015847,25.796258
17,1,AHOME,5,2,URBANA,2,-109.014376,25.795585
18,1,AHOME,5,2,URBANA,2,-109.016117,25.793432
19,1,AHOME,5,2,URBANA,2,-109.011467,25.795068
20,1,AHOME,5,2,URBANA,2,-109.00483,25.796844
21,1,AHOME,5,2,URBANA,2,-109.005344,25.790122
22,1,AHOME,5,2,URBANA,2,-109.010716,25.7877
23,1,AHOME,5,2,URBANA,2,-109.0121,25.785645
26,1,AHOME,5,2,URBANA,2,-109.01335,25.783307
27,1,AHOME,5,2,URBANA,2,-109.007593,25.783451
28,1,AHOME,5,2,URBANA,2,-109.00133,25.794272
29,1,AHOME,5,2,URBANA,2,-108.998823,25.79447
30,1,AHOME,5,2,URBANA,2,-108.997293,25.792364
31,1,AHOME,5,2,URBANA,2,-108.995192,25.79118
32,1,AHOME,5,2,URBANA,2,-109.000396,25.784126
33,1,AHOME,5,2,URBANA,2,-109.004806,25.78029
34,1,AHOME,5,2,URBANA,2,-109.007195,25.778074
35,1,AHOME,5,2,URBANA,2,-109.010518,25.771939
36,1,AHOME,5,2,URBANA,2,-109.006699,25.776205
37,1,AHOME,5,2,URBANA,2,-109.005903,25.777357
38,1,AHOME,5,2,URBANA,2,-109.004014,25.777541
40,1,AHOME,5,2,URBANA,2,-109.004118,25.774763
41,1,AHOME,5,2,URBANA,2,-109.002903,25.776667
42,1,AHOME,5,2,URBANA,2,-109.002507,25.774812
44,1,AHOME,5,2,URBANA,2,-109.000379,25.775353
45,1,AHOME,5,2,URBANA,2,-109.0001,25.777408
46,1,AHOME,5,2,URBANA,2,-109.00015,25.779662
47,1,AHOME,5,2,URBANA,2,-108.998043,25.778468
48,1,AHOME,5,2,URBANA,2,-108.995162,25.780531
50,1,AHOME,5,2,URBANA,2,-108.994425,25.785892
51,1,AHOME,5,2,URBANA,2,-108.991924,25.790585
52,1,AHOME,5,2,URBANA,2,-108.988754,25.788788
53,1,AHOME,5,2,URBANA,2,-108.989594,25.785427
54,1,AHOME,5,2,URBANA,2,-108.991761,25.781978
55,1,AHOME,5,2,URBANA,2,-108.996144,25.776963
56,1,AHOME,5,2,URBANA,2,-108.998793,25.774138
57,1,AHOME,5,2,URBANA,2,-108.997774,25.773516
58,1,AHOME,5,2,URBANA,2,-108.996731,25.772908
59,1,AHOME,5,2,URBANA,2,-108.995673,25.772299
60,1,AHOME,5,2,URBANA,2,-108.994628,25.771707
61,1,AHOME,5,2,URBANA,2,-108.994027,25.775764
62,1,AHOME,5,2,URBANA,2,-108.992443,25.774875
63,1,AHOME,5,2,URBANA,2,-108.990371,25.777642
64,1,AHOME,5,2,URBANA,2,-108.98903,25.780911
65,1,AHOME,5,2,URBANA,2,-108.986965,25.783921
66,1,AHOME,5,2,URBANA,2,-108.985774,25.786158
67,1,AHOME,5,2,URBANA,2,-108.985807,25.78775
68,1,AHOME,5,2,URBANA,2,-108.983582,25.786175
69,1,AHOME,5,2,URBANA,2,-108.981922,25.784902
70,1,AHOME,5,2,URBANA,2,-108.983817,25.782132
71,1,AHOME,5,2,URBANA,2,-108.985382,25.783025
72,1,AHOME,5,2,URBANA,2,-108.985737,25.780375
73,1,AHOME,5,2,URBANA,2,-108.986856,25.778756
74,1,AHOME,5,2,URBANA,2,-108.988986,25.775655
75,1,AHOME,5,2,URBANA,2,-108.990585,25.774384
76,1,AHOME,5,2,URBANA,2,-108.989159,25.773323
77,1,AHOME,5,2,URBANA,2,-108.991388,25.772543
78,1,AHOME,5,2,URBANA,2,-108.992018,25.771438
79,1,AHOME,5,2,URBANA,2,-108.993074,25.769902
80,1,AHOME,5,2,URBANA,2,-108.999356,25.767685
82,1,AHOME,5,2,URBANA,2,-109.005036,25.75316
85,1,AHOME,5,2,URBANA,2,-108.995364,25.765528
88,1,AHOME,4,2,URBANA,2,-108.982952,25.773211
89,1,AHOME,4,2,URBANA,2,-108.978954,25.773358
90,1,AHOME,4,2,URBANA,2,-108.977209,25.775136
91,1,AHOME,4,2,URBANA,2,-108.980259,25.775961
92,1,AHOME,4,2,URBANA,2,-108.983605,25.776693
93,1,AHOME,4,2,URBANA,2,-108.98249,25.778221
94,1,AHOME,4,2,URBANA,2,-108.981675,25.782597
95,1,AHOME,4,2,URBANA,2,-108.980964,25.779944
96,1,AHOME,4,2,URBANA,2,-108.97696,25.777702
97,1,AHOME,4,2,URBANA,2,-108.975739,25.779553
98,1,AHOME,4,2,URBANA,2,-108.979539,25.78154
99,1,AHOME,4,2,URBANA,2,-108.979864,25.783454
100,1,AHOME,4,2,URBANA,2,-108.977885,25.782876
101,1,AHOME,4,2,URBANA,2,-108.973344,25.780716
102,1,AHOME,4,2,MIXTA,3,-108.947662,25.76179
104,1,AHOME,4,2,URBANA,2,-108.974363,25.771712
105,1,AHOME,4,2,URBANA,2,-108.970751,25.76973
106,1,AHOME,4,2,URBANA,2,-108.966678,25.771666
107,1,AHOME,4,2,URBANA,2,-108.964214,25.770268
108,1,AHOME,4,2,URBANA,2,-108.963104,25.770421
109,1,AHOME,4,2,URBANA,2,-108.961789,25.771325
110,1,AHOME,4,2,URBANA,2,-108.967555,25.763768
111,1,AHOME,5,2,URBANA,2,-109.0188,25.805116
112,1,AHOME,5,2,URBANA,2,-109.01969,25.807224
113,1,AHOME,5,2,URBANA,2,-109.015707,25.805152
114,1,AHOME,2,2,URBANA,2,-109.01732,25.809009
115,1,AHOME,2,2,URBANA,2,-109.015917,25.812126
116,1,AHOME,2,2,URBANA,2,-109.014286,25.814259
117,1,AHOME,2,2,URBANA,2,-109.012951,25.808537
118,1,AHOME,2,2,URBANA,2,-109.012331,25.809902
119,1,AHOME,2,2,URBANA,2,-109.010983,25.811639
120,1,AHOME,2,2,URBANA,2,-109.010235,25.813634
121,1,AHOME,2,2,URBANA,2,-109.009425,25.815239
122,1,AHOME,2,2,URBANA,2,-109.004856,25.82528
123,1,AHOME,2,2,URBANA,2,-109.00354,25.81777
124,1,AHOME,2,2,URBANA,2,-109.005189,25.815389
125,1,AHOME,2,2,URBANA,2,-109.006584,25.814146
126,1,AHOME,2,2,URBANA,2,-109.007662,25.811785
127,1,AHOME,2,2,URBANA,2,-109.009956,25.809278
128,1,AHOME,2,2,URBANA,2,-109.011314,25.806415
129,1,AHOME,5,2,URBANA,2,-109.01264,25.804399
130,1,AHOME,5,2,URBANA,2,-109.012327,25.802208
131,1,AHOME,5,2,URBANA,2,-109.012954,25.801338
132,1,AHOME,5,2,URBANA,2,-109.010341,25.803113
133,1,AHOME,2,2,URBANA,2,-109.008996,25.805328
134,1,AHOME,2,2,URBANA,2,-109.009068,25.808769
135,1,AHOME,2,2,URBANA,2,-109.007379,25.809587
136,1,AHOME,2,2,URBANA,2,-109.007308,25.806906
137,1,AHOME,2,2,URBANA,2,-109.00614,25.808587
138,1,AHOME,2,2,URBANA,2,-109.004831,25.810472
139,1,AHOME,2,2,URBANA,2,-109.003515,25.812398
140,1,AHOME,2,2,URBANA,2,-109.005303,25.813401
141,1,AHOME,2,2,URBANA,2,-109.002861,25.814089
143,1,AHOME,2,2,URBANA,2,-108.999066,25.814142
144,1,AHOME,2,2,URBANA,2,-108.996005,25.816085
145,1,AHOME,2,2,URBANA,2,-109.000571,25.811118
146,1,AHOME,2,2,URBANA,2,-109.001751,25.80875
147,1,AHOME,2,2,URBANA,2,-109.002888,25.80621
148,1,AHOME,2,2,URBANA,2,-109.003682,25.807378
149,1,AHOME,2,2,URBANA,2,-109.00466,25.807695
150,1,AHOME,2,2,URBANA,2,-109.006598,25.804878
151,1,AHOME,2,2,URBANA,2,-109.004711,25.803781
152,1,AHOME,5,2,URBANA,2,-109.006255,25.801516
153,1,AHOME,5,2,URBANA,2,-109.008174,25.800164
154,1,AHOME,2,2,URBANA,2,-109.002716,25.801702
155,1,AHOME,2,2,URBANA,2,-109.001381,25.799089
156,1,AHOME,2,2,URBANA,2,-109.000038,25.801214
157,1,AHOME,2,2,URBANA,2,-108.998487,25.80536
158,1,AHOME,2,2,URBANA,2,-108.996293,25.81056
159,1,AHOME,2,2,URBANA,2,-108.993599,25.811375
160,1,AHOME,2,2,URBANA,2,-108.993508,25.810133
161,1,AHOME,2,2,URBANA,2,-108.992055,25.811718
162,1,AHOME,2,2,URBANA,2,-108.993011,25.813505
163,1,AHOME,2,2,URBANA,2,-108.992314,25.815603
165,1,AHOME,2,2,URBANA,2,-108.988568,25.813737
166,1,AHOME,2,2,URBANA,2,-108.986799,25.815074
167,1,AHOME,2,2,URBANA,2,-108.986739,25.812187
168,1,AHOME,2,2,URBANA,2,-108.985829,25.812421
169,1,AHOME,2,2,URBANA,2,-108.98723,25.810186
170,1,AHOME,2,2,URBANA,2,-108.988686,25.810556
171,1,AHOME,2,2,URBANA,2,-108.990125,25.811574
172,1,AHOME,2,2,URBANA,2,-108.990915,25.809846
173,1,AHOME,2,2,URBANA,2,-108.991131,25.807227
174,1,AHOME,2,2,URBANA,2,-108.99315,25.803717
175,1,AHOME,2,2,URBANA,2,-108.995877,25.803891
176,1,AHOME,2,2,URBANA,2,-108.994495,25.801907
177,1,AHOME,2,2,URBANA,2,-108.995362,25.800672
178,1,AHOME,2,2,URBANA,2,-108.996379,25.799885
179,1,AHOME,2,2,URBANA,2,-108.998775,25.798541
180,1,AHOME,2,2,URBANA,2,-108.996328,25.797055
181,1,AHOME,2,2,URBANA,2,-108.991717,25.80043
182,1,AHOME,2,2,URBANA,2,-108.98776,25.806027
183,1,AHOME,2,2,URBANA,2,-108.988964,25.804295
184,1,AHOME,2,2,URBANA,2,-108.98581,25.806914
185,1,AHOME,2,2,URBANA,2,-108.984972,25.810046
186,1,AHOME,2,2,URBANA,2,-108.983307,25.808618
187,1,AHOME,2,2,URBANA,2,-108.985693,25.804856
188,1,AHOME,2,2,URBANA,2,-108.986891,25.803113
189,1,AHOME,2,2,URBANA,2,-108.987687,25.799237
190,1,AHOME,2,2,URBANA,2,-108.992109,25.795665
191,1,AHOME,2,2,URBANA,2,-108.992225,25.794053
192,1,AHOME,2,2,URBANA,2,-108.988462,25.792377
193,1,AHOME,2,2,URBANA,2,-108.987465,25.794911
194,1,AHOME,2,2,URBANA,2,-108.986741,25.797035
195,1,AHOME,2,2,URBANA,2,-108.984441,25.801806
196,1,AHOME,2,2,URBANA,2,-108.978141,25.800363
197,1,AHOME,2,2,URBANA,2,-108.979977,25.807368
198,1,AHOME,2,2,URBANA,2,-108.979397,25.815542
199,1,AHOME,2,2,URBANA,2,-108.975209,25.827114
200,1,AHOME,2,2,URBANA,2,-108.976685,25.810116
201,1,AHOME,2,2,URBANA,2,-108.975759,25.813943
202,1,AHOME,2,2,URBANA,2,-108.973375,25.813775
203,1,AHOME,2,2,URBANA,2,-108.970677,25.814855
204,1,AHOME,2,2,URBANA,2,-108.966621,25.817547
205,1,AHOME,4,2,MIXTA,3,-108.935286,25.80019
206,1,AHOME,4,2,MIXTA,3,-108.94498,25.804203
207,1,AHOME,2,2,URBANA,2,-108.972592,25.811423
208,1,AHOME,2,2,MIXTA,3,-108.971051,25.806598
209,1,AHOME,2,2,URBANA,2,-108.982741,25.795766
210,1,AHOME,2,2,URBANA,2,-108.986002,25.791477
211,1,AHOME,2,2,URBANA,2,-108.985604,25.790153
212,1,AHOME,2,2,URBANA,2,-108.983763,25.792814
213,1,AHOME,2,2,URBANA,2,-108.980756,25.796892
214,1,AHOME,2,2,URBANA,2,-108.979349,25.795707
215,1,AHOME,2,2,URBANA,2,-108.980213,25.793712
216,1,AHOME,2,2,URBANA,2,-108.982778,25.791059
217,1,AHOME,2,2,URBANA,2,-108.983096,25.789022
218,1,AHOME,2,2,URBANA,2,-108.980449,25.791281
219,1,AHOME,2,2,URBANA,2,-108.977903,25.794575
220,1,AHOME,2,2,URBANA,2,-108.975779,25.793899
221,1,AHOME,2,2,URBANA,2,-108.977438,25.791471
222,1,AHOME,2,2,URBANA,2,-108.978662,25.789645
223,1,AHOME,2,2,URBANA,2,-108.980746,25.788511
224,1,AHOME,2,2,URBANA,2,-108.980357,25.787176
225,1,AHOME,4,2,URBANA,2,-108.978018,25.788003
226,1,AHOME,4,2,URBANA,2,-108.966839,25.797468
227,1,AHOME,4,2,URBANA,2,-108.973188,25.792898
228,1,AHOME,4,2,URBANA,2,-108.972855,25.791947
229,1,AHOME,4,2,URBANA,2,-108.971867,25.791266
230,1,AHOME,4,2,URBANA,2,-108.973482,25.790639
231,1,AHOME,4,2,URBANA,2,-108.974024,25.789822
232,1,AHOME,4,2,URBANA,2,-108.975727,25.787991
233,1,AHOME,4,2,URBANA,2,-108.977387,25.785492
234,1,AHOME,4,2,URBANA,2,-108.974692,25.783668
235,1,AHOME,4,2,URBANA,2,-108.974889,25.784683
236,1,AHOME,4,2,URBANA,2,-108.973082,25.786514
237,1,AHOME,4,2,URBANA,2,-108.970777,25.78828
238,1,AHOME,4,2,URBANA,2,-108.970561,25.789484
239,1,AHOME,4,2,URBANA,2,-108.968667,25.787016
240,1,AHOME,4,2,URBANA,2,-108.968881,25.784267
241,1,AHOME,4,2,URBANA,2,-108.971151,25.781953
242,1,AHOME,3,2,RURAL,4,-109.012465,25.958648
243,1,AHOME,3,2,RURAL,4,-109.016037,25.940743
244,1,AHOME,3,2,MIXTA,3,-109.004384,25.93237
245,1,AHOME,3,2,URBANA,2,-108.992334,25.925163
246,1,AHOME,4,2,MIXTA,3,-108.925694,25.889105
247,1,AHOME,4,2,MIXTA,3,-108.929489,25.880538
248,20,JUAN JOSE RIOS,4,2,URBANA,2,-108.836247,25.756263
249,20,JUAN JOSE RIOS,4,2,URBANA,2,-108.832221,25.761801
250,20,JUAN JOSE RIOS,4,2,URBANA,2,-108.8307,25.763958
251,20,JUAN JOSE RIOS,4,2,URBANA,2,-108.828488,25.765379
252,20,JUAN JOSE RIOS,4,2,MIXTA,3,-108.870075,25.773802
253,1,AHOME,4,2,URBANA,2,-108.927792,25.845841
254,1,AHOME,4,2,MIXTA,3,-108.897917,25.819371
255,1,AHOME,2,2,URBANA,2,-108.975875,25.862802
256,1,AHOME,4,2,URBANA,2,-108.945798,25.851186
257,1,AHOME,2,2,RURAL,4,-109.016995,25.914675
258,1,AHOME,2,2,URBANA,2,-109.053322,25.949592
259,1,AHOME,2,2,URBANA,2,-109.049198,25.949147
260,1,AHOME,3,2,MIXTA,3,-109.028257,25.948122
261,1,AHOME,2,2,URBANA,2,-109.050654,25.951732
262,1,AHOME,2,2,MIXTA,3,-109.050832,25.923294
263,1,AHOME,2,2,URBANA,2,-109.051315,25.945371
264,1,AHOME,2,2,URBANA,2,-109.049524,25.945328
265,1,AHOME,2,2,URBANA,2,-109.045933,25.944773
266,1,AHOME,2,2,RURAL,4,-109.069261,25.944603
267,1,AHOME,2,2,MIXTA,3,-109.096679,25.919789
268,1,AHOME,2,2,MIXTA,3,-109.082613,25.920623
269,1,AHOME,2,2,MIXTA,3,-109.004593,25.899649
270,1,AHOME,2,2,MIXTA,3,-108.998867,25.880656
271,1,AHOME,2,2,MIXTA,3,-109.019863,25.866396
272,1,AHOME,2,2,URBANA,2,-109.007847,25.867419
273,1,AHOME,2,2,RURAL,4,-109.049931,25.886931
274,1,AHOME,3,2,RURAL,4,-109.122081,25.913906
275,1,AHOME,2,2,MIXTA,3,-109.081002,25.890892
276,1,AHOME,2,2,URBANA,2,-109.072236,25.881448
277,1,AHOME,2,2,URBANA,2,-109.030365,25.873639
278,1,AHOME,2,2,URBANA,2,-109.051094,25.864686
279,1,AHOME,2,2,URBANA,2,-109.01642,25.853772
280,1,AHOME,2,2,URBANA,2,-109.012857,25.851253
281,1,AHOME,2,2,MIXTA,3,-108.997375,25.843735
282,1,AHOME,2,2,MIXTA,3,-109.02438,25.827552
283,1,AHOME,4,2,MIXTA,3,-108.928509,25.719589
284,1,AHOME,4,2,MIXTA,3,-108.933664,25.73676
285,1,AHOME,4,2,URBANA,2,-108.93208,25.73959
286,1,AHOME,4,2,URBANA,2,-108.930269,25.741985
287,1,AHOME,4,2,URBANA,2,-108.971293,25.751051
288,1,AHOME,4,2,URBANA,2,-108.970704,25.749861
289,1,AHOME,4,2,URBANA,2,-108.969884,25.749541
290,1,AHOME,4,2,URBANA,2,-108.966165,25.747312
291,1,AHOME,5,2,URBANA,2,-109.02002,25.788157
292,1,AHOME,5,2,URBANA,2,-109.014546,25.788904
293,1,AHOME,2,2,URBANA,2,-109.026084,25.805552
294,1,AHOME,5,2,URBANA,2,-109.02336,25.803175
295,1,AHOME,5,2,URBANA,2,-109.022906,25.805425
296,1,AHOME,2,2,MIXTA,3,-109.055784,25.82
297,1,AHOME,2,2,URBANA,2,-109.05352,25.841602
298,1,AHOME,2,2,MIXTA,3,-109.042829,25.817401
299,1,AHOME,2,2,RURAL,4,-109.071337,25.859678
300,1,AHOME,2,2,RURAL,4,-109.091482,25.875778
301,1,AHOME,3,2,RURAL,4,-109.108335,25.889503
302,1,AHOME,3,2,URBANA,2,-109.103385,25.840909
303,1,AHOME,3,2,URBANA,2,-109.113527,25.873484
304,1,AHOME,3,2,MIXTA,3,-109.134898,25.851674
305,1,AHOME,3,2,URBANA,2,-109.126079,25.879831
306,1,AHOME,3,2,URBANA,2,-109.120587,25.874799
307,1,AHOME,3,2,URBANA,2,-109.11618,25.875243
308,1,AHOME,3,2,URBANA,2,-109.178219,25.881953
309,1,AHOME,3,2,URBANA,2,-109.147978,25.888209
310,1,AHOME,3,2,MIXTA,3,-109.166859,25.85447
311,1,AHOME,3,2,MIXTA,3,-109.139387,25.892425
312,1,AHOME,3,2,RURAL,4,-109.180835,25.902691
313,1,AHOME,3,2,URBANA,2,-109.167884,25.916349
314,1,AHOME,3,2,URBANA,2,-109.163348,25.916336
315,1,AHOME,3,2,URBANA,2,-109.151975,25.914778
316,1,AHOME,3,2,URBANA,2,-109.179099,25.913383
317,1,AHOME,3,2,URBANA,2,-109.172516,25.916094
318,1,AHOME,3,2,URBANA,2,-109.172117,25.922134
319,1,AHOME,3,2,URBANA,2,-109.169253,25.920366
320,1,AHOME,3,2,MIXTA,3,-109.16896,25.927849
321,1,AHOME,3,2,URBANA,2,-109.178781,25.924005
322,1,AHOME,3,2,URBANA,2,-109.180285,25.920117
323,1,AHOME,3,2,MIXTA,3,-109.203947,25.924772
324,1,AHOME,3,2,MIXTA,3,-109.216129,25.897703
325,1,AHOME,3,2,URBANA,2,-109.217038,25.946149
326,1,AHOME,3,2,URBANA,2,-109.228537,25.922174
327,1,AHOME,3,2,URBANA,2,-109.25047,25.938459
328,1,AHOME,3,2,URBANA,2,-109.251943,25.949484
329,1,AHOME,3,2,RURAL,4,-109.260371,25.913898
330,1,AHOME,3,2,RURAL,4,-109.281132,25.878551
331,1,AHOME,3,2,URBANA,2,-109.308029,25.850988
332,1,AHOME,3,2,URBANA,2,-109.323687,25.849567
333,1,AHOME,3,2,URBANA,2,-109.328584,25.853338
334,1,AHOME,3,2,MIXTA,3,-109.366359,25.812634
335,1,AHOME,3,2,URBANA,2,-109.299226,25.788498
336,1,AHOME,3,2,URBANA,2,-109.311588,25.757068
337,1,AHOME,3,2,URBANA,2,-109.306973,25.745322
338,1,AHOME,3,2,RURAL,4,-109.25442,25.746965
339,1,AHOME,3,2,URBANA,2,-109.157371,25.797174
340,1,AHOME,3,2,URBANA,2,-109.217598,25.733836
341,1,AHOME,3,2,RURAL,4,-109.106558,25.677479
342,1,AHOME,3,2,MIXTA,3,-109.123544,25.758393
343,1,AHOME,3,2,MIXTA,3,-109.166741,25.70454
344,1,AHOME,3,2,RURAL,4,-109.081531,25.766813
345,1,AHOME,3,2,RURAL,4,-109.074962,25.803763
346,1,AHOME,5,2,URBANA,2,-109.047952,25.773885
348,1,AHOME,5,2,URBANA,2,-109.034997,25.765107
349,1,AHOME,5,2,URBANA,2,-109.030769,25.773007
350,1,AHOME,3,2,URBANA,2,-109.050672,25.747018
351,1,AHOME,5,2,URBANA,2,-109.037162,25.755524
352,1,AHOME,5,2,URBANA,2,-109.018336,25.75427
353,1,AHOME,4,2,MIXTA,3,-109.001319,25.742772
354,1,AHOME,4,2,URBANA,2,-108.98333,25.740131
355,1,AHOME,3,2,URBANA,2,-108.964697,25.697597
356,1,AHOME,4,2,URBANA,2,-108.97476,25.721207
357,1,AHOME,3,2,MIXTA,3,-109.020677,25.730834
358,1,AHOME,3,2,RURAL,4,-109.014745,25.693625
359,1,AHOME,3,2,RURAL,4,-109.053808,25.650092
360,1,AHOME,3,2,MIXTA,3,-109.095387,25.601867
361,1,AHOME,3,2,URBANA,2,-109.047905,25.602413
362,1,AHOME,3,2,URBANA,2,-109.042551,25.603307
363,1,AHOME,3,2,URBANA,2,-109.056598,25.603008
364,1,AHOME,3,2,URBANA,2,-109.057578,25.595126
365,1,AHOME,3,2,URBANA,2,-109.050675,25.59915
366,20,JUAN JOSE RIOS,3,2,RURAL,4,-108.978747,25.536463
367,20,JUAN JOSE RIOS,3,2,RURAL,4,-108.891314,25.641153
368,1,AHOME,3,2,URBANA,2,-109.0508,26.267662
369,1,AHOME,3,2,URBANA,2,-109.035135,26.27202
370,1,AHOME,3,2,MIXTA,3,-109.021255,26.278137
371,1,AHOME,3,2,URBANA,2,-109.028948,26.265545
372,1,AHOME,3,2,URBANA,2,-109.034294,26.255003
373,1,AHOME,3,2,URBANA,2,-109.040014,26.265421
374,1,AHOME,3,2,MIXTA,3,-109.042529,26.263571
375,1,AHOME,3,2,RURAL,4,-108.964719,26.376309
377,1,AHOME,3,2,RURAL,4,-108.975904,26.326596
378,1,AHOME,3,2,RURAL,4,-109.026427,26.376623
379,1,AHOME,3,2,RURAL,4,-108.918324,26.325914
380,1,AHOME,3,2,RURAL,4,-108.979191,26.278456
381,1,AHOME,3,2,RURAL,4,-109.029661,26.355283
382,1,AHOME,3,2,URBANA,2,-109.05601,26.332439
383,1,AHOME,3,2,URBANA,2,-109.029206,26.334746
384,1,AHOME,3,2,URBANA,2,-109.031554,26.326043
385,1,AHOME,3,2,URBANA,2,-109.028588,26.33064
386,1,AHOME,3,2,URBANA,2,-109.006441,26.32516
387,1,AHOME,3,2,RURAL,4,-109.026424,26.298789
388,1,AHOME,3,2,URBANA,2,-109.076861,26.323945
389,1,AHOME,3,2,MIXTA,3,-109.086117,26.295444
390,1,AHOME,3,2,URBANA,2,-109.084792,26.224176
391,1,AHOME,3,2,MIXTA,3,-109.044536,26.239463
392,1,AHOME,3,2,URBANA,2,-109.059846,26.222232
393,1,AHOME,3,2,URBANA,2,-109.026684,26.203887
394,1,AHOME,3,2,URBANA,2,-109.043121,26.169759
395,1,AHOME,3,2,URBANA,2,-109.042263,26.161099
396,1,AHOME,3,2,URBANA,2,-109.039324,26.146165
397,1,AHOME,3,2,URBANA,2,-109.065808,26.151032
398,1,AHOME,3,2,MIXTA,3,-109.035981,26.100029
399,1,AHOME,3,2,MIXTA,3,-109.007166,26.114096
400,1,AHOME,3,2,URBANA,2,-109.000222,26.076519
401,1,AHOME,3,2,URBANA,2,-109.021773,26.065518
402,1,AHOME,3,2,URBANA,2,-109.021319,26.063516
403,1,AHOME,3,2,MIXTA,3,-109.018025,26.045494
404,1,AHOME,3,2,URBANA,2,-109.000549,26.04338
405,1,AHOME,3,2,RURAL,4,-109.112164,26.13412
406,1,AHOME,3,2,RURAL,4,-109.131198,26.054044
407,1,AHOME,3,2,RURAL,4,-109.186999,26.130261
408,1,AHOME,3,2,RURAL,4,-109.193527,26.222925
409,1,AHOME,3,2,RURAL,4,-109.235625,26.08864
410,1,AHOME,3,2,RURAL,4,-109.122708,25.989651
411,1,AHOME,3,2,MIXTA,3,-109.048061,26.002938
412,1,AHOME,3,2,RURAL,4,-109.071234,25.95405
413,1,AHOME,3,2,RURAL,4,-109.083934,25.968128
414,1,AHOME,3,2,URBANA,2,-109.148353,25.95674
415,1,AHOME,3,2,URBANA,2,-109.135916,25.935964
416,1,AHOME,3,2,MIXTA,3,-109.130483,25.958841
417,1,AHOME,3,2,URBANA,2,-109.128461,25.937594
418,1,AHOME,3,2,URBANA,2,-109.16527,25.942671
419,1,AHOME,3,2,URBANA,2,-109.162516,25.939441
420,1,AHOME,3,2,URBANA,2,-109.157835,25.940085
421,1,AHOME,3,2,MIXTA,3,-109.183055,25.991721
422,1,AHOME,3,2,RURAL,4,-109.150336,25.933471
423,1,AHOME,3,2,RURAL,4,-109.194029,25.962499
424,1,AHOME,3,2,RURAL,4,-109.187558,25.979132
425,1,AHOME,3,2,RURAL,4,-109.296478,26.131591
426,1,AHOME,3,2,RURAL,4,-109.364914,26.084044
427,1,AHOME,3,2,RURAL,4,-109.377695,26.014818
428,1,AHOME,3,2,RURAL,4,-109.383269,25.93486
429,1,AHOME,3,2,URBANA,2,-109.277032,26.001089
430,1,AHOME,3,2,URBANA,2,-109.265106,25.989675
431,1,AHOME,3,2,URBANA,2,-109.271886,25.986895
432,1,AHOME,3,2,RURAL,4,-109.240884,25.962576
433,1,AHOME,3,2,RURAL,4,-109.213432,25.955006
434,1,AHOME,3,2,MIXTA,3,-109.247823,26.002364
435,1,AHOME,3,2,URBANA,2,-109.231565,25.983928
436,1,AHOME,3,2,RURAL,4,-109.271887,25.975527
437,1,AHOME,3,2,RURAL,4,-109.291865,26.006688
438,1,AHOME,3,2,MIXTA,3,-109.320675,25.979527
439,1,AHOME,3,2,MIXTA,3,-109.305214,25.975398
440,1,AHOME,3,2,RURAL,4,-109.294718,25.970743
441,1,AHOME,3,2,RURAL,4,-109.285993,25.968963
442,1,AHOME,3,2,URBANA,2,-109.301396,25.967092
443,1,AHOME,3,2,URBANA,2,-109.297193,25.966704
444,1,AHOME,3,2,MIXTA,3,-109.284702,25.962918
445,1,AHOME,3,2,URBANA,2,-109.332983,25.935999
446,1,AHOME,3,2,MIXTA,3,-109.295512,25.933766
447,1,AHOME,3,2,MIXTA,3,-109.316499,25.967588
448,1,AHOME,3,2,URBANA,2,-109.313243,25.97037
449,1,AHOME,3,2,MIXTA,3,-109.309409,25.963157
450,1,AHOME,3,2,URBANA,2,-109.324226,25.961
451,1,AHOME,3,2,URBANA,2,-109.330404,25.957184
452,1,AHOME,3,2,URBANA,2,-109.324048,25.95698
453,1,AHOME,3,2,URBANA,2,-109.381524,25.882454
454,1,AHOME,3,2,URBANA,2,-109.384595,25.857168
455,1,AHOME,3,2,RURAL,4,-109.314627,25.898251
456,2,ANGOSTURA,9,3,URBANA,2,-108.164119,25.370594
457,2,ANGOSTURA,9,3,URBANA,2,-108.159498,25.371046
458,2,ANGOSTURA,9,3,URBANA,2,-108.15604,25.369576
459,2,ANGOSTURA,9,3,MIXTA,3,-108.151205,25.366707
460,2,ANGOSTURA,9,3,URBANA,2,-108.159156,25.366049
461,2,ANGOSTURA,9,3,URBANA,2,-108.1652,25.366329
462,2,ANGOSTURA,9,3,URBANA,2,-108.167452,25.362932
463,2,ANGOSTURA,9,3,MIXTA,3,-108.153526,25.359423
464,2,ANGOSTURA,9,3,MIXTA,3,-108.167472,25.349937
465,2,ANGOSTURA,9,3,RURAL,4,-108.09731,25.415791
466,2,ANGOSTURA,9,3,RURAL,4,-108.125584,25.423308
467,2,ANGOSTURA,9,3,MIXTA,3,-108.132446,25.414149
468,2,ANGOSTURA,9,3,MIXTA,3,-108.133245,25.412641
470,2,ANGOSTURA,9,3,MIXTA,3,-108.119695,25.37281
471,2,ANGOSTURA,9,3,URBANA,2,-108.128856,25.379673
472,2,ANGOSTURA,9,3,URBANA,2,-108.1293,25.376795
473,2,ANGOSTURA,9,3,URBANA,2,-108.132841,25.376731
474,2,ANGOSTURA,9,3,URBANA,2,-108.134111,25.372005
475,2,ANGOSTURA,9,3,URBANA,2,-108.130369,25.372004
476,2,ANGOSTURA,9,3,MIXTA,3,-108.160775,25.388604
477,2,ANGOSTURA,9,3,MIXTA,3,-108.145557,25.386734
478,2,ANGOSTURA,9,3,RURAL,4,-108.195953,25.381452
479,2,ANGOSTURA,9,3,MIXTA,3,-108.231508,25.341893
480,2,ANGOSTURA,9,3,MIXTA,3,-108.259685,25.360248
481,2,ANGOSTURA,9,3,RURAL,4,-108.288496,25.349155
482,2,ANGOSTURA,9,3,RURAL,4,-108.273048,25.324199
483,2,ANGOSTURA,9,3,URBANA,2,-108.326085,25.288881
484,2,ANGOSTURA,9,3,MIXTA,3,-108.331605,25.221089
485,2,ANGOSTURA,9,3,RURAL,4,-108.211825,25.324032
486,2,ANGOSTURA,9,3,URBANA,2,-108.188066,25.348978
487,2,ANGOSTURA,9,3,MIXTA,3,-108.203745,25.347647
488,2,ANGOSTURA,9,3,RURAL,4,-108.065268,25.369987
489,2,ANGOSTURA,9,3,RURAL,4,-108.109719,25.331534
490,2,ANGOSTURA,9,3,RURAL,4,-108.176708,25.331725
491,2,ANGOSTURA,9,3,RURAL,4,-108.236298,25.306135
492,2,ANGOSTURA,9,3,URBANA,2,-108.185499,25.318523
493,2,ANGOSTURA,9,3,URBANA,2,-108.184327,25.320146
494,2,ANGOSTURA,9,3,URBANA,2,-108.038302,25.305632
495,2,ANGOSTURA,9,3,MIXTA,3,-108.038786,25.321125
496,2,ANGOSTURA,9,3,RURAL,4,-108.153017,25.304785
498,2,ANGOSTURA,9,3,RURAL,4,-108.201121,25.298553
499,2,ANGOSTURA,9,3,RURAL,4,-108.123476,25.297651
500,2,ANGOSTURA,9,3,RURAL,4,-108.06497,25.289162
501,2,ANGOSTURA,9,3,URBANA,2,-108.242419,25.274662
502,2,ANGOSTURA,9,3,MIXTA,3,-108.278706,25.254215
503,2,ANGOSTURA,9,3,RURAL,4,-108.129163,25.27277
504,2,ANGOSTURA,9,3,URBANA,2,-108.090581,25.268652
505,2,ANGOSTURA,9,3,URBANA,2,-108.092416,25.266528
506,2,ANGOSTURA,9,3,MIXTA,3,-108.087299,25.27196
507,2,ANGOSTURA,9,3,URBANA,2,-108.097287,25.269182
508,2,ANGOSTURA,9,3,RURAL,4,-108.043286,25.225851
509,2,ANGOSTURA,9,3,URBANA,2,-108.089012,25.239348
510,2,ANGOSTURA,9,3,URBANA,2,-108.084799,25.239086
511,2,ANGOSTURA,9,3,MIXTA,3,-108.19507,25.26879
512,2,ANGOSTURA,9,3,MIXTA,3,-108.165405,25.269669
513,2,ANGOSTURA,9,3,RURAL,4,-108.186309,25.224258
514,2,ANGOSTURA,9,3,RURAL,4,-108.077496,25.224619
515,2,ANGOSTURA,9,3,RURAL,4,-108.122811,25.234822
517,2,ANGOSTURA,9,3,RURAL,4,-108.116611,25.202751
518,2,ANGOSTURA,9,3,RURAL,4,-108.092388,25.199066
519,2,ANGOSTURA,9,3,RURAL,4,-108.073095,25.173121
520,2,ANGOSTURA,9,3,URBANA,2,-108.104392,25.179228
521,2,ANGOSTURA,9,3,MIXTA,3,-108.114764,25.153837
522,2,ANGOSTURA,9,3,RURAL,4,-108.146607,25.183787
523,2,ANGOSTURA,9,3,RURAL,4,-108.242814,25.140769
524,2,ANGOSTURA,9,3,RURAL,4,-108.033264,25.171805
525,2,ANGOSTURA,9,3,MIXTA,3,-108.034829,25.130681
526,2,ANGOSTURA,9,3,URBANA,2,-108.018357,25.122748
527,2,ANGOSTURA,9,3,URBANA,2,-108.01397,25.12134
529,2,ANGOSTURA,9,3,URBANA,2,-108.007883,25.101997
530,2,ANGOSTURA,9,3,URBANA,2,-107.996858,25.129612
531,2,ANGOSTURA,9,3,URBANA,2,-107.948688,25.106566
532,2,ANGOSTURA,9,3,URBANA,2,-107.947554,25.110163
533,2,ANGOSTURA,9,3,URBANA,2,-107.947416,25.112681
534,2,ANGOSTURA,9,3,URBANA,2,-107.945153,25.106452
535,2,ANGOSTURA,9,3,URBANA,2,-107.942034,25.105446
536,2,ANGOSTURA,9,3,URBANA,2,-107.941904,25.107651
537,2,ANGOSTURA,9,3,URBANA,2,-107.941811,25.109936
538,2,ANGOSTURA,9,3,MIXTA,3,-107.962997,25.112366
539,2,ANGOSTURA,9,3,RURAL,4,-108.170363,25.081284
540,2,ANGOSTURA,9,3,URBANA,2,-108.060623,25.08804
541,2,ANGOSTURA,9,3,URBANA,2,-108.053996,25.08665
542,2,ANGOSTURA,9,3,URBANA,2,-108.049144,25.081035
543,2,ANGOSTURA,9,3,URBANA,2,-108.054847,25.082464
544,2,ANGOSTURA,9,3,URBANA,2,-108.057719,25.084635
545,2,ANGOSTURA,9,3,URBANA,2,-108.06262,25.084218
546,2,ANGOSTURA,9,3,URBANA,2,-108.063779,25.081867
547,2,ANGOSTURA,9,3,URBANA,2,-108.060059,25.080972
548,2,ANGOSTURA,9,3,URBANA,2,-108.056539,25.080719
549,2,ANGOSTURA,9,3,URBANA,2,-108.049111,25.074772
550,2,ANGOSTURA,9,3,URBANA,2,-108.053762,25.07639
551,2,ANGOSTURA,9,3,URBANA,2,-108.05598,25.073019
552,2,ANGOSTURA,9,3,URBANA,2,-108.056744,25.07727
553,2,ANGOSTURA,9,3,URBANA,2,-108.058765,25.078529
554,2,ANGOSTURA,9,3,URBANA,2,-107.918394,25.061709
555,2,ANGOSTURA,9,3,URBANA,2,-107.910756,25.061833
556,2,ANGOSTURA,9,3,URBANA,2,-107.91086,25.058407
557,2,ANGOSTURA,9,3,URBANA,2,-107.918443,25.058282
558,2,ANGOSTURA,9,3,URBANA,2,-107.919146,25.055244
559,2,ANGOSTURA,9,3,URBANA,2,-107.914264,25.055376
560,2,ANGOSTURA,9,3,URBANA,2,-107.910011,25.055108
561,2,ANGOSTURA,9,3,URBANA,2,-107.910012,25.0519
562,2,ANGOSTURA,9,3,MIXTA,3,-108.043426,24.933371
563,3,BADIRAGUATO,6,3,MIXTA,3,-107.526679,25.422863
564,3,BADIRAGUATO,6,3,URBANA,2,-107.555723,25.368495
565,3,BADIRAGUATO,6,3,MIXTA,3,-107.489629,25.400438
566,3,BADIRAGUATO,6,3,URBANA,2,-107.554505,25.361699
567,3,BADIRAGUATO,6,3,MIXTA,3,-107.53145,25.339134
568,3,BADIRAGUATO,6,3,MIXTA,3,-107.582313,25.326087
569,3,BADIRAGUATO,6,3,RURAL,4,-107.48243,26.073461
570,3,BADIRAGUATO,6,3,RURAL,4,-107.366219,26.067731
571,3,BADIRAGUATO,6,3,RURAL,4,-107.328306,25.932801
572,3,BADIRAGUATO,6,3,RURAL,4,-107.376924,25.997406
573,3,BADIRAGUATO,6,3,RURAL,4,-107.494057,25.919444
574,3,BADIRAGUATO,6,3,RURAL,4,-107.555681,25.782431
575,3,BADIRAGUATO,6,3,RURAL,4,-107.298885,25.843451
576,3,BADIRAGUATO,6,3,RURAL,4,-107.418844,25.847853
577,3,BADIRAGUATO,6,3,RURAL,4,-107.176683,25.787396
578,3,BADIRAGUATO,6,3,RURAL,4,-107.068609,25.743069
579,3,BADIRAGUATO,6,3,RURAL,4,-107.121749,25.647298
580,3,BADIRAGUATO,6,3,RURAL,4,-107.27356,25.693184
581,3,BADIRAGUATO,6,3,RURAL,4,-107.389399,25.722115
582,3,BADIRAGUATO,6,3,RURAL,4,-107.482816,25.698523
583,3,BADIRAGUATO,6,3,RURAL,4,-107.531159,25.587841
584,3,BADIRAGUATO,6,3,RURAL,4,-107.471224,25.602047
585,3,BADIRAGUATO,6,3,RURAL,4,-107.33129,25.626441
586,3,BADIRAGUATO,6,3,RURAL,4,-107.567033,25.616155
587,3,BADIRAGUATO,6,3,RURAL,4,-107.386215,25.559695
588,3,BADIRAGUATO,6,3,RURAL,4,-107.242831,25.518248
589,3,BADIRAGUATO,6,3,RURAL,4,-107.385573,25.492645
590,3,BADIRAGUATO,6,3,RURAL,4,-107.48941,25.4972
592,3,BADIRAGUATO,6,3,RURAL,4,-107.598592,25.542549
593,3,BADIRAGUATO,6,3,RURAL,4,-107.656019,25.499656
594,3,BADIRAGUATO,6,3,RURAL,4,-107.630699,25.489037
595,3,BADIRAGUATO,6,3,RURAL,4,-107.621198,25.449628
596,3,BADIRAGUATO,6,3,RURAL,4,-107.578866,25.479647
597,3,BADIRAGUATO,6,3,RURAL,4,-107.57323,25.440578
598,3,BADIRAGUATO,6,3,RURAL,4,-107.426085,25.435572
599,3,BADIRAGUATO,6,3,RURAL,4,-107.247567,25.412109
600,3,BADIRAGUATO,6,3,RURAL,4,-107.303037,25.445291
601,3,BADIRAGUATO,6,3,RURAL,4,-107.35201,25.413091
603,3,BADIRAGUATO,6,3,RURAL,4,-107.585831,25.392383
604,3,BADIRAGUATO,6,3,RURAL,4,-107.647512,25.420923
605,3,BADIRAGUATO,6,3,RURAL,4,-107.721516,25.341351
607,3,BADIRAGUATO,6,3,RURAL,4,-107.46176,25.328986
609,3,BADIRAGUATO,6,3,RURAL,4,-107.28625,25.345057
610,3,BADIRAGUATO,6,3,RURAL,4,-107.237858,25.356533
611,3,BADIRAGUATO,6,3,RURAL,4,-107.376038,25.349561
613,3,BADIRAGUATO,6,3,RURAL,4,-107.659529,25.363126
614,3,BADIRAGUATO,6,3,RURAL,4,-107.71878,25.303656
616,3,BADIRAGUATO,6,3,RURAL,4,-107.646705,25.314206
617,3,BADIRAGUATO,6,3,RURAL,4,-107.514241,25.308887
618,3,BADIRAGUATO,6,3,RURAL,4,-107.198786,25.298079
619,3,BADIRAGUATO,6,3,RURAL,4,-107.309593,25.241482
620,3,BADIRAGUATO,6,3,RURAL,4,-107.426534,25.237879
621,3,BADIRAGUATO,6,3,RURAL,4,-107.503838,25.200923
622,3,BADIRAGUATO,6,3,RURAL,4,-107.578335,25.276032
623,3,BADIRAGUATO,6,3,RURAL,4,-107.62924,25.272313
625,3,BADIRAGUATO,6,3,RURAL,4,-107.674783,25.256329
627,3,BADIRAGUATO,6,3,RURAL,4,-107.595134,25.239322
628,3,BADIRAGUATO,6,3,RURAL,4,-107.434913,25.127152
629,4,CONCORDIA,24,1,MIXTA,3,-106.099708,23.297292
630,4,CONCORDIA,24,1,URBANA,2,-106.070464,23.289817
631,4,CONCORDIA,24,1,MIXTA,3,-106.05193,23.303314
632,4,CONCORDIA,24,1,URBANA,2,-106.064499,23.294896
633,4,CONCORDIA,24,1,URBANA,2,-106.068184,23.290263
634,4,CONCORDIA,24,1,URBANA,2,-106.068624,23.287014
635,4,CONCORDIA,24,1,URBANA,2,-106.065486,23.287846
636,4,CONCORDIA,24,1,URBANA,2,-106.059122,23.292486
637,4,CONCORDIA,24,1,URBANA,2,-106.063423,23.285111
638,4,CONCORDIA,24,1,RURAL,4,-106.150747,23.518745
639,4,CONCORDIA,24,1,RURAL,4,-105.996007,23.640739
641,4,CONCORDIA,24,1,RURAL,4,-105.861435,23.542451
642,4,CONCORDIA,24,1,RURAL,4,-105.797143,23.474355
643,4,CONCORDIA,24,1,RURAL,4,-105.857975,23.422242
644,4,CONCORDIA,24,1,RURAL,4,-105.838387,23.433914
645,4,CONCORDIA,24,1,RURAL,4,-105.886638,23.401892
646,4,CONCORDIA,24,1,RURAL,4,-105.972653,23.482643
648,4,CONCORDIA,24,1,RURAL,4,-106.071149,23.473511
649,4,CONCORDIA,24,1,RURAL,4,-106.120099,23.459955
650,4,CONCORDIA,24,1,RURAL,4,-106.192973,23.451486
651,4,CONCORDIA,24,1,MIXTA,3,-106.194489,23.393496
652,4,CONCORDIA,24,1,MIXTA,3,-106.1574,23.418778
653,4,CONCORDIA,24,1,URBANA,2,-106.167585,23.394058
654,4,CONCORDIA,24,1,MIXTA,3,-106.162717,23.346243
655,4,CONCORDIA,24,1,MIXTA,3,-106.116586,23.371212
656,4,CONCORDIA,24,1,MIXTA,3,-106.110985,23.357436
657,4,CONCORDIA,24,1,MIXTA,3,-106.077634,23.342197
658,4,CONCORDIA,24,1,RURAL,4,-106.043232,23.412085
659,4,CONCORDIA,24,1,RURAL,4,-105.902394,23.323911
660,4,CONCORDIA,24,1,RURAL,4,-105.929921,23.389697
661,4,CONCORDIA,24,1,RURAL,4,-105.769985,23.345569
662,4,CONCORDIA,24,1,RURAL,4,-105.779122,23.424349
663,4,CONCORDIA,24,1,RURAL,4,-105.997013,23.327935
664,4,CONCORDIA,24,1,MIXTA,3,-105.998735,23.185276
665,4,CONCORDIA,24,1,MIXTA,3,-105.997454,23.243932
666,4,CONCORDIA,24,1,RURAL,4,-106.155548,23.274159
667,4,CONCORDIA,24,1,MIXTA,3,-106.102723,23.25429
668,4,CONCORDIA,24,1,MIXTA,3,-106.146489,23.217264
669,4,CONCORDIA,24,1,MIXTA,3,-106.099027,23.179088
670,4,CONCORDIA,24,1,URBANA,2,-106.07876,23.149321
671,4,CONCORDIA,24,1,MIXTA,3,-106.080681,23.163418
672,4,CONCORDIA,24,1,MIXTA,3,-106.042188,23.152124
673,4,CONCORDIA,24,1,URBANA,2,-106.058705,23.127167
675,5,COSALA,19,6,URBANA,2,-106.698604,24.419474
676,5,COSALA,19,6,URBANA,2,-106.692053,24.419439
677,5,COSALA,19,6,URBANA,2,-106.689299,24.418009
678,5,COSALA,19,6,MIXTA,3,-106.679567,24.445446
679,5,COSALA,19,6,URBANA,2,-106.682191,24.412713
680,5,COSALA,19,6,URBANA,2,-106.68856,24.407577
681,5,COSALA,19,6,URBANA,2,-106.697616,24.407509
682,5,COSALA,19,6,MIXTA,3,-106.685103,24.385732
683,5,COSALA,19,6,RURAL,4,-106.924888,24.706134
685,5,COSALA,19,6,RURAL,4,-106.868444,24.73893
686,5,COSALA,19,6,RURAL,4,-106.82888,24.625766
687,5,COSALA,19,6,RURAL,4,-106.937657,24.61256
688,5,COSALA,19,6,RURAL,4,-106.993763,24.672188
690,5,COSALA,19,6,RURAL,4,-106.874497,24.524144
691,5,COSALA,19,6,RURAL,4,-106.791989,24.536893
692,5,COSALA,19,6,RURAL,4,-106.714641,24.578
694,5,COSALA,19,6,MIXTA,3,-106.713262,24.451976
695,5,COSALA,19,6,RURAL,4,-106.776033,24.471031
696,5,COSALA,19,6,RURAL,4,-106.926562,24.463453
697,5,COSALA,19,6,RURAL,4,-106.966061,24.509606
698,5,COSALA,19,6,RURAL,4,-106.97048,24.384143
699,5,COSALA,19,6,RURAL,4,-106.898132,24.377603
700,5,COSALA,19,6,RURAL,4,-106.827791,24.377376
701,5,COSALA,19,6,RURAL,4,-106.771611,24.396305
702,5,COSALA,19,6,RURAL,4,-106.725589,24.423526
703,5,COSALA,19,6,RURAL,4,-106.612253,24.417936
704,5,COSALA,19,6,RURAL,4,-106.65434,24.360873
705,5,COSALA,19,6,RURAL,4,-106.728621,24.382221
706,5,COSALA,19,6,RURAL,4,-106.787685,24.306559
707,5,COSALA,19,6,RURAL,4,-106.697775,24.307463
708,5,COSALA,19,6,RURAL,4,-106.602613,24.307413
709,5,COSALA,19,6,RURAL,4,-106.557445,24.257666
710,6,CULIACAN,11,7,URBANA,2,-107.392135,24.849033
711,6,CULIACAN,11,7,URBANA,2,-107.389061,24.848879
712,6,CULIACAN,11,7,URBANA,2,-107.387197,24.849463
713,6,CULIACAN,11,7,URBANA,2,-107.385465,24.850475
714,6,CULIACAN,11,7,URBANA,2,-107.383654,24.852347
715,6,CULIACAN,11,7,URBANA,2,-107.379698,24.853746
716,6,CULIACAN,11,7,URBANA,2,-107.382301,24.846732
717,6,CULIACAN,11,7,URBANA,2,-107.387453,24.844866
718,6,CULIACAN,11,7,URBANA,2,-107.392926,24.845587
719,6,CULIACAN,11,7,URBANA,2,-107.3991,24.844075
720,6,CULIACAN,11,7,URBANA,2,-107.395705,24.842955
721,6,CULIACAN,11,7,URBANA,2,-107.396549,24.841759
722,6,CULIACAN,11,7,URBANA,2,-107.39316,24.842577
723,6,CULIACAN,11,7,URBANA,2,-107.391331,24.841767
724,6,CULIACAN,11,7,URBANA,2,-107.390255,24.84158
725,6,CULIACAN,11,7,URBANA,2,-107.385012,24.841824
726,6,CULIACAN,11,7,URBANA,2,-107.386414,24.838778
727,6,CULIACAN,11,7,URBANA,2,-107.390419,24.838482
728,6,CULIACAN,11,7,URBANA,2,-107.392205,24.83811
729,6,CULIACAN,11,7,URBANA,2,-107.393492,24.83949
730,6,CULIACAN,11,7,URBANA,2,-107.3999,24.837673
731,6,CULIACAN,11,7,URBANA,2,-107.393481,24.835993
732,6,CULIACAN,11,7,URBANA,2,-107.390794,24.836437
733,6,CULIACAN,11,7,URBANA,2,-107.387095,24.835164
734,6,CULIACAN,11,7,URBANA,2,-107.382675,24.835789
735,6,CULIACAN,11,7,URBANA,2,-107.382405,24.832777
736,6,CULIACAN,11,7,URBANA,2,-107.381972,24.830672
737,6,CULIACAN,11,7,URBANA,2,-107.385971,24.831643
738,6,CULIACAN,11,7,URBANA,2,-107.388474,24.832243
739,6,CULIACAN,11,7,URBANA,2,-107.390462,24.832832
740,6,CULIACAN,11,7,URBANA,2,-107.390309,24.834857
741,6,CULIACAN,11,7,URBANA,2,-107.392738,24.834782
742,6,CULIACAN,11,7,URBANA,2,-107.392888,24.833238
743,6,CULIACAN,11,7,URBANA,2,-107.395638,24.832847
744,6,CULIACAN,11,7,URBANA,2,-107.399691,24.829659
745,6,CULIACAN,13,7,URBANA,2,-107.393981,24.829118
746,6,CULIACAN,11,7,URBANA,2,-107.392766,24.830879
747,6,CULIACAN,13,7,URBANA,2,-107.39249,24.828859
748,6,CULIACAN,13,7,URBANA,2,-107.39061,24.830366
749,6,CULIACAN,13,7,URBANA,2,-107.389628,24.829444
750,6,CULIACAN,13,7,URBANA,2,-107.38695,24.827184
751,6,CULIACAN,13,7,URBANA,2,-107.3912,24.827105
752,6,CULIACAN,13,7,URBANA,2,-107.393167,24.827444
753,6,CULIACAN,13,7,URBANA,2,-107.394255,24.826688
754,6,CULIACAN,13,7,URBANA,2,-107.397607,24.825857
755,6,CULIACAN,13,7,URBANA,2,-107.394733,24.824051
756,6,CULIACAN,13,7,URBANA,2,-107.393287,24.824979
757,6,CULIACAN,13,7,URBANA,2,-107.390137,24.824819
758,6,CULIACAN,13,7,URBANA,2,-107.387425,24.822813
759,6,CULIACAN,13,7,URBANA,2,-107.392114,24.822777
760,6,CULIACAN,13,7,URBANA,2,-107.395519,24.822638
761,6,CULIACAN,13,7,URBANA,2,-107.399393,24.82323
762,6,CULIACAN,13,7,URBANA,2,-107.400053,24.82139
763,6,CULIACAN,13,7,URBANA,2,-107.397354,24.82086
764,6,CULIACAN,13,7,URBANA,2,-107.399659,24.819412
765,6,CULIACAN,13,7,URBANA,2,-107.395219,24.82004
766,6,CULIACAN,13,7,URBANA,2,-107.394517,24.817485
767,6,CULIACAN,13,7,URBANA,2,-107.392865,24.819512
768,6,CULIACAN,13,7,URBANA,2,-107.390799,24.820345
769,6,CULIACAN,13,7,URBANA,2,-107.390271,24.818263
770,6,CULIACAN,13,7,URBANA,2,-107.388096,24.819627
771,6,CULIACAN,13,7,URBANA,2,-107.386546,24.820546
772,6,CULIACAN,13,7,URBANA,2,-107.38329,24.820284
773,6,CULIACAN,13,7,URBANA,2,-107.377089,24.819998
774,6,CULIACAN,13,7,URBANA,2,-107.370816,24.822957
775,6,CULIACAN,13,7,URBANA,2,-107.376771,24.818828
776,6,CULIACAN,13,7,URBANA,2,-107.380549,24.817023
777,6,CULIACAN,13,7,URBANA,2,-107.384061,24.818952
778,6,CULIACAN,13,7,URBANA,2,-107.384943,24.817486
779,6,CULIACAN,13,7,URBANA,2,-107.38811,24.815688
780,6,CULIACAN,13,7,URBANA,2,-107.393003,24.814834
781,6,CULIACAN,14,5,URBANA,2,-107.400705,24.814756
782,6,CULIACAN,13,7,URBANA,2,-107.393111,24.81054
783,6,CULIACAN,13,7,URBANA,2,-107.390211,24.811295
784,6,CULIACAN,13,7,URBANA,2,-107.388357,24.811878
785,6,CULIACAN,13,7,URBANA,2,-107.384627,24.813362
786,6,CULIACAN,13,7,URBANA,2,-107.381301,24.813725
787,6,CULIACAN,13,7,URBANA,2,-107.379499,24.813647
788,6,CULIACAN,13,7,URBANA,2,-107.376611,24.81774
789,6,CULIACAN,13,7,URBANA,2,-107.376406,24.816349
790,6,CULIACAN,13,7,URBANA,2,-107.376384,24.815209
791,6,CULIACAN,13,7,URBANA,2,-107.376382,24.813688
792,6,CULIACAN,13,7,URBANA,2,-107.370854,24.81608
793,6,CULIACAN,13,7,URBANA,2,-107.370995,24.814671
794,6,CULIACAN,13,7,URBANA,2,-107.364158,24.818489
795,6,CULIACAN,13,7,URBANA,2,-107.365463,24.813368
796,6,CULIACAN,13,7,URBANA,2,-107.363206,24.813635
797,6,CULIACAN,13,7,URBANA,2,-107.358934,24.812904
798,6,CULIACAN,13,7,URBANA,2,-107.362247,24.810676
799,6,CULIACAN,13,7,URBANA,2,-107.369828,24.81127
800,6,CULIACAN,13,7,URBANA,2,-107.368416,24.812392
801,6,CULIACAN,13,7,URBANA,2,-107.370027,24.813052
802,6,CULIACAN,13,7,URBANA,2,-107.374804,24.811633
803,6,CULIACAN,13,7,URBANA,2,-107.377059,24.811681
804,6,CULIACAN,13,7,URBANA,2,-107.381423,24.811638
805,6,CULIACAN,13,7,URBANA,2,-107.381533,24.810807
806,6,CULIACAN,13,7,URBANA,2,-107.381755,24.809356
807,6,CULIACAN,13,7,URBANA,2,-107.385485,24.809152
808,6,CULIACAN,13,7,URBANA,2,-107.389673,24.808709
810,6,CULIACAN,13,7,URBANA,2,-107.392502,24.805943
811,6,CULIACAN,13,7,URBANA,2,-107.389177,24.807046
812,6,CULIACAN,13,7,URBANA,2,-107.388486,24.805788
813,6,CULIACAN,13,7,URBANA,2,-107.386697,24.807017
814,6,CULIACAN,13,7,URBANA,2,-107.386379,24.805539
815,6,CULIACAN,13,7,URBANA,2,-107.38457,24.806687
817,6,CULIACAN,13,7,URBANA,2,-107.382193,24.807911
818,6,CULIACAN,13,7,URBANA,2,-107.382064,24.806397
819,6,CULIACAN,13,7,URBANA,2,-107.37992,24.807109
820,6,CULIACAN,13,7,URBANA,2,-107.376915,24.808415
821,6,CULIACAN,13,7,URBANA,2,-107.377802,24.810126
822,6,CULIACAN,13,7,URBANA,2,-107.374979,24.809588
823,6,CULIACAN,13,7,URBANA,2,-107.355064,24.804295
824,6,CULIACAN,13,7,URBANA,2,-107.372047,24.809679
825,6,CULIACAN,13,7,URBANA,2,-107.369929,24.809156
826,6,CULIACAN,13,7,URBANA,2,-107.367468,24.809357
827,6,CULIACAN,13,7,URBANA,2,-107.364463,24.808248
828,6,CULIACAN,13,7,URBANA,2,-107.361868,24.808505
829,6,CULIACAN,13,7,URBANA,2,-107.359536,24.80737
830,6,CULIACAN,13,7,URBANA,2,-107.358526,24.809465
831,6,CULIACAN,13,7,URBANA,2,-107.356468,24.806795
832,6,CULIACAN,13,7,URBANA,2,-107.354799,24.805572
833,6,CULIACAN,13,7,URBANA,2,-107.353991,24.803616
834,6,CULIACAN,13,7,URBANA,2,-107.358191,24.803377
835,6,CULIACAN,13,7,URBANA,2,-107.359565,24.805218
836,6,CULIACAN,13,7,URBANA,2,-107.361423,24.802843
837,6,CULIACAN,13,7,URBANA,2,-107.362947,24.804273
838,6,CULIACAN,13,7,URBANA,2,-107.364776,24.802448
839,6,CULIACAN,13,7,URBANA,2,-107.365143,24.804387
840,6,CULIACAN,13,7,URBANA,2,-107.364642,24.806128
841,6,CULIACAN,13,7,URBANA,2,-107.367902,24.806587
842,6,CULIACAN,13,7,URBANA,2,-107.368633,24.805744
843,6,CULIACAN,13,7,URBANA,2,-107.36719,24.802908
844,6,CULIACAN,13,7,URBANA,2,-107.369652,24.803849
845,6,CULIACAN,13,7,URBANA,2,-107.372359,24.804716
846,6,CULIACAN,13,7,URBANA,2,-107.374737,24.805479
847,6,CULIACAN,13,7,URBANA,2,-107.372739,24.806764
848,6,CULIACAN,13,7,URBANA,2,-107.372106,24.807694
849,6,CULIACAN,13,7,URBANA,2,-107.377331,24.807277
850,6,CULIACAN,13,7,URBANA,2,-107.377611,24.805936
851,6,CULIACAN,13,7,URBANA,2,-107.380401,24.804742
852,6,CULIACAN,13,7,URBANA,2,-107.38476,24.804418
853,6,CULIACAN,13,7,URBANA,2,-107.388088,24.804183
854,6,CULIACAN,13,7,URBANA,2,-107.39076,24.804849
856,6,CULIACAN,13,7,URBANA,2,-107.391959,24.80324
857,6,CULIACAN,13,7,URBANA,2,-107.392829,24.801776
858,6,CULIACAN,13,7,URBANA,2,-107.392101,24.800673
859,6,CULIACAN,13,7,URBANA,2,-107.389599,24.801742
860,6,CULIACAN,13,7,URBANA,2,-107.386472,24.80164
861,6,CULIACAN,13,7,URBANA,2,-107.384275,24.802987
862,6,CULIACAN,13,7,URBANA,2,-107.383721,24.802223
863,6,CULIACAN,13,7,URBANA,2,-107.383912,24.801128
864,6,CULIACAN,13,7,URBANA,2,-107.383767,24.800205
865,6,CULIACAN,13,7,URBANA,2,-107.384614,24.798911
866,6,CULIACAN,13,7,URBANA,2,-107.38662,24.798627
867,6,CULIACAN,13,7,URBANA,2,-107.389333,24.79898
868,6,CULIACAN,13,7,URBANA,2,-107.392742,24.79973
869,6,CULIACAN,14,5,URBANA,2,-107.395268,24.799172
870,6,CULIACAN,13,7,URBANA,2,-107.392603,24.798833
871,6,CULIACAN,13,7,URBANA,2,-107.39244,24.797364
872,6,CULIACAN,13,7,URBANA,2,-107.392173,24.795031
873,6,CULIACAN,13,7,URBANA,2,-107.38916,24.795917
874,6,CULIACAN,13,7,URBANA,2,-107.387252,24.795166
875,6,CULIACAN,13,7,URBANA,2,-107.38568,24.79722
876,6,CULIACAN,13,7,URBANA,2,-107.38397,24.797907
877,6,CULIACAN,13,7,URBANA,2,-107.384971,24.796507
878,6,CULIACAN,13,7,URBANA,2,-107.383198,24.796289
879,6,CULIACAN,13,7,URBANA,2,-107.386241,24.795756
880,6,CULIACAN,13,7,URBANA,2,-107.383429,24.794223
881,6,CULIACAN,13,7,URBANA,2,-107.38355,24.792631
882,6,CULIACAN,13,7,URBANA,2,-107.388702,24.793234
883,6,CULIACAN,13,7,URBANA,2,-107.392112,24.792468
884,6,CULIACAN,14,5,URBANA,2,-107.394952,24.791696
885,6,CULIACAN,13,7,URBANA,2,-107.388932,24.785423
886,6,CULIACAN,13,7,URBANA,2,-107.383244,24.790125
888,6,CULIACAN,12,5,URBANA,2,-107.417163,24.836446
889,6,CULIACAN,12,5,URBANA,2,-107.412866,24.841848
890,6,CULIACAN,12,5,URBANA,2,-107.410856,24.832474
891,6,CULIACAN,14,5,URBANA,2,-107.40729,24.832102
892,6,CULIACAN,14,5,URBANA,2,-107.408251,24.830905
893,6,CULIACAN,14,5,URBANA,2,-107.407291,24.829057
894,6,CULIACAN,14,5,URBANA,2,-107.409839,24.827879
895,6,CULIACAN,14,5,URBANA,2,-107.410084,24.830016
896,6,CULIACAN,14,5,URBANA,2,-107.412036,24.830991
897,6,CULIACAN,14,5,URBANA,2,-107.414957,24.831115
898,6,CULIACAN,14,5,URBANA,2,-107.420164,24.828355
899,6,CULIACAN,12,5,URBANA,2,-107.422508,24.829816
900,6,CULIACAN,12,5,URBANA,2,-107.426319,24.830866
901,6,CULIACAN,12,5,URBANA,2,-107.423455,24.827607
902,6,CULIACAN,12,5,URBANA,2,-107.424145,24.826424
904,6,CULIACAN,14,5,URBANA,2,-107.424381,24.823579
905,6,CULIACAN,14,5,URBANA,2,-107.425597,24.822654
906,6,CULIACAN,14,5,URBANA,2,-107.42387,24.82125
907,6,CULIACAN,14,5,URBANA,2,-107.422854,24.823419
908,6,CULIACAN,14,5,URBANA,2,-107.422237,24.823723
909,6,CULIACAN,14,5,URBANA,2,-107.422047,24.825249
910,6,CULIACAN,14,5,URBANA,2,-107.420941,24.824669
911,6,CULIACAN,14,5,URBANA,2,-107.420067,24.824016
912,6,CULIACAN,14,5,URBANA,2,-107.418237,24.824024
913,6,CULIACAN,14,5,URBANA,2,-107.417437,24.82723
914,6,CULIACAN,14,5,URBANA,2,-107.414393,24.82692
915,6,CULIACAN,14,5,URBANA,2,-107.412689,24.825349
916,6,CULIACAN,14,5,URBANA,2,-107.410869,24.824683
917,6,CULIACAN,14,5,URBANA,2,-107.40557,24.825476
918,6,CULIACAN,14,5,URBANA,2,-107.406781,24.820271
919,6,CULIACAN,14,5,URBANA,2,-107.408478,24.81762
920,6,CULIACAN,14,5,URBANA,2,-107.413395,24.819521
921,6,CULIACAN,14,5,URBANA,2,-107.410417,24.814246
922,6,CULIACAN,14,5,URBANA,2,-107.416291,24.819895
923,6,CULIACAN,14,5,URBANA,2,-107.413353,24.820639
924,6,CULIACAN,14,5,URBANA,2,-107.412871,24.821993
925,6,CULIACAN,14,5,URBANA,2,-107.414211,24.822612
926,6,CULIACAN,14,5,URBANA,2,-107.416102,24.823267
927,6,CULIACAN,14,5,URBANA,2,-107.416515,24.821693
928,6,CULIACAN,14,5,URBANA,2,-107.417361,24.822279
929,6,CULIACAN,14,5,URBANA,2,-107.418563,24.823057
930,6,CULIACAN,14,5,URBANA,2,-107.419085,24.82214
931,6,CULIACAN,14,5,URBANA,2,-107.420972,24.822249
932,6,CULIACAN,14,5,URBANA,2,-107.421305,24.820046
933,6,CULIACAN,14,5,URBANA,2,-107.42573,24.812624
934,6,CULIACAN,14,5,URBANA,2,-107.440679,24.804122
935,6,CULIACAN,14,5,URBANA,2,-107.422576,24.808238
936,6,CULIACAN,14,5,URBANA,2,-107.420476,24.808906
937,6,CULIACAN,14,5,URBANA,2,-107.417567,24.81049
938,6,CULIACAN,14,5,URBANA,2,-107.416171,24.810297
939,6,CULIACAN,14,5,URBANA,2,-107.413208,24.81121
940,6,CULIACAN,14,5,URBANA,2,-107.414676,24.809121
941,6,CULIACAN,14,5,URBANA,2,-107.403445,24.809449
942,6,CULIACAN,14,5,URBANA,2,-107.397796,24.810692
944,6,CULIACAN,14,5,URBANA,2,-107.397286,24.808353
945,6,CULIACAN,14,5,URBANA,2,-107.402478,24.807048
946,6,CULIACAN,14,5,URBANA,2,-107.402016,24.80796
947,6,CULIACAN,14,5,URBANA,2,-107.405868,24.807088
948,6,CULIACAN,14,5,URBANA,2,-107.408683,24.801631
949,6,CULIACAN,14,5,URBANA,2,-107.408806,24.804182
950,6,CULIACAN,14,5,URBANA,2,-107.409758,24.802477
951,6,CULIACAN,14,5,URBANA,2,-107.415912,24.806764
952,6,CULIACAN,14,5,URBANA,2,-107.430629,24.796993
953,6,CULIACAN,14,5,URBANA,2,-107.413017,24.794907
954,6,CULIACAN,14,5,URBANA,2,-107.404654,24.796682
955,6,CULIACAN,14,5,URBANA,2,-107.407024,24.797879
956,6,CULIACAN,14,5,URBANA,2,-107.4038,24.799154
957,6,CULIACAN,14,5,URBANA,2,-107.405772,24.800448
960,6,CULIACAN,14,5,URBANA,2,-107.403171,24.80474
961,6,CULIACAN,14,5,URBANA,2,-107.4012,24.806054
963,6,CULIACAN,14,5,URBANA,2,-107.397122,24.806296
964,6,CULIACAN,14,5,URBANA,2,-107.396663,24.804181
966,6,CULIACAN,14,5,URBANA,2,-107.403803,24.802248
967,6,CULIACAN,14,5,URBANA,2,-107.400724,24.802496
968,6,CULIACAN,14,5,URBANA,2,-107.398489,24.802658
970,6,CULIACAN,14,5,URBANA,2,-107.39659,24.802552
972,6,CULIACAN,14,5,URBANA,2,-107.395351,24.801004
973,6,CULIACAN,14,5,URBANA,2,-107.39812,24.800796
975,6,CULIACAN,14,5,URBANA,2,-107.400479,24.80073
976,6,CULIACAN,14,5,URBANA,2,-107.402734,24.800559
977,6,CULIACAN,14,5,URBANA,2,-107.399656,24.798741
978,6,CULIACAN,14,5,URBANA,2,-107.397505,24.799048
979,6,CULIACAN,14,5,URBANA,2,-107.394458,24.795957
980,6,CULIACAN,14,5,URBANA,2,-107.395709,24.795887
981,6,CULIACAN,14,5,URBANA,2,-107.397408,24.7967
982,6,CULIACAN,14,5,URBANA,2,-107.400034,24.796456
983,6,CULIACAN,14,5,URBANA,2,-107.399856,24.79403
984,6,CULIACAN,14,5,URBANA,2,-107.399054,24.794556
985,6,CULIACAN,14,5,URBANA,2,-107.397211,24.793772
986,6,CULIACAN,14,5,URBANA,2,-107.399586,24.792784
987,6,CULIACAN,14,5,URBANA,2,-107.3997,24.791373
988,6,CULIACAN,14,5,URBANA,2,-107.397452,24.791446
989,6,CULIACAN,14,5,URBANA,2,-107.397937,24.78759
990,6,CULIACAN,15,5,URBANA,2,-107.47973,24.775935
991,6,CULIACAN,15,5,URBANA,2,-107.473704,24.77605
992,6,CULIACAN,15,5,MIXTA,3,-107.481906,24.772824
993,6,CULIACAN,15,5,URBANA,2,-107.47107,24.776896
994,6,CULIACAN,15,5,URBANA,2,-107.484829,24.784308
995,6,CULIACAN,15,5,URBANA,2,-107.464486,24.777345
996,6,CULIACAN,15,5,MIXTA,3,-107.476481,24.762705
997,6,CULIACAN,15,5,URBANA,2,-107.464082,24.769656
998,6,CULIACAN,15,5,URBANA,2,-107.462867,24.773663
999,6,CULIACAN,15,5,MIXTA,3,-107.463574,24.75106
1001,6,CULIACAN,15,5,URBANA,2,-107.450926,24.773369
1002,6,CULIACAN,15,5,URBANA,2,-107.451982,24.770534
1003,6,CULIACAN,15,5,URBANA,2,-107.449191,24.768397
1004,6,CULIACAN,15,5,URBANA,2,-107.452843,24.767859
1005,6,CULIACAN,15,5,URBANA,2,-107.445222,24.767352
1006,6,CULIACAN,14,5,URBANA,2,-107.438326,24.775076
1007,6,CULIACAN,14,5,URBANA,2,-107.447343,24.781264
1008,6,CULIACAN,14,5,URBANA,2,-107.436975,24.784358
1009,6,CULIACAN,14,5,URBANA,2,-107.437011,24.786017
1010,6,CULIACAN,14,5,URBANA,2,-107.435574,24.785891
1011,6,CULIACAN,14,5,URBANA,2,-107.433672,24.787331
1012,6,CULIACAN,14,5,URBANA,2,-107.428924,24.78862
1013,6,CULIACAN,14,5,URBANA,2,-107.426099,24.788964
1014,6,CULIACAN,14,5,URBANA,2,-107.422034,24.790421
1015,6,CULIACAN,14,5,URBANA,2,-107.417956,24.791341
1016,6,CULIACAN,14,5,URBANA,2,-107.415766,24.791137
1017,6,CULIACAN,14,5,URBANA,2,-107.41268,24.791896
1018,6,CULIACAN,14,5,URBANA,2,-107.409492,24.793282
1019,6,CULIACAN,14,5,URBANA,2,-107.406279,24.793821
1020,6,CULIACAN,14,5,URBANA,2,-107.404509,24.794226
1021,6,CULIACAN,14,5,URBANA,2,-107.402748,24.79575
1022,6,CULIACAN,14,5,URBANA,2,-107.402399,24.794519
1023,6,CULIACAN,14,5,URBANA,2,-107.402073,24.793476
1024,6,CULIACAN,14,5,URBANA,2,-107.404357,24.792715
1025,6,CULIACAN,14,5,URBANA,2,-107.408129,24.792296
1026,6,CULIACAN,14,5,URBANA,2,-107.409992,24.791569
1027,6,CULIACAN,14,5,URBANA,2,-107.411809,24.790386
1028,6,CULIACAN,14,5,URBANA,2,-107.414346,24.790574
1029,6,CULIACAN,14,5,URBANA,2,-107.41348,24.789186
1030,6,CULIACAN,14,5,URBANA,2,-107.415162,24.788186
1031,6,CULIACAN,14,5,URBANA,2,-107.416077,24.788425
1032,6,CULIACAN,14,5,URBANA,2,-107.417686,24.788082
1033,6,CULIACAN,14,5,URBANA,2,-107.419043,24.788815
1034,6,CULIACAN,14,5,URBANA,2,-107.420775,24.787304
1035,6,CULIACAN,14,5,URBANA,2,-107.421801,24.787952
1036,6,CULIACAN,14,5,URBANA,2,-107.422856,24.788565
1037,6,CULIACAN,14,5,URBANA,2,-107.42639,24.787367
1038,6,CULIACAN,14,5,URBANA,2,-107.427964,24.785037
1039,6,CULIACAN,14,5,URBANA,2,-107.422712,24.785965
1040,6,CULIACAN,14,5,URBANA,2,-107.418934,24.786572
1041,6,CULIACAN,14,5,URBANA,2,-107.415398,24.786297
1042,6,CULIACAN,14,5,URBANA,2,-107.41334,24.787507
1043,6,CULIACAN,14,5,URBANA,2,-107.411137,24.788761
1044,6,CULIACAN,14,5,URBANA,2,-107.40939,24.789966
1045,6,CULIACAN,14,5,URBANA,2,-107.407494,24.79069
1046,6,CULIACAN,14,5,URBANA,2,-107.405287,24.791401
1047,6,CULIACAN,14,5,URBANA,2,-107.403409,24.791635
1048,6,CULIACAN,14,5,URBANA,2,-107.401711,24.792144
1049,6,CULIACAN,14,5,URBANA,2,-107.401665,24.790218
1050,6,CULIACAN,14,5,URBANA,2,-107.403533,24.790183
1051,6,CULIACAN,14,5,URBANA,2,-107.405005,24.789888
1052,6,CULIACAN,14,5,URBANA,2,-107.407679,24.789157
1053,6,CULIACAN,14,5,URBANA,2,-107.406649,24.788453
1054,6,CULIACAN,14,5,URBANA,2,-107.408508,24.787564
1055,6,CULIACAN,14,5,URBANA,2,-107.410229,24.787101
1056,6,CULIACAN,14,5,URBANA,2,-107.411873,24.786171
1057,6,CULIACAN,14,5,URBANA,2,-107.413888,24.785451
1058,6,CULIACAN,14,5,URBANA,2,-107.418545,24.784398
1059,6,CULIACAN,14,5,URBANA,2,-107.420513,24.784706
1060,6,CULIACAN,14,5,URBANA,2,-107.422813,24.784099
1061,6,CULIACAN,14,5,URBANA,2,-107.424646,24.784636
1062,6,CULIACAN,14,5,URBANA,2,-107.425755,24.783014
1063,6,CULIACAN,14,5,URBANA,2,-107.426923,24.781443
1064,6,CULIACAN,14,5,URBANA,2,-107.429085,24.780743
1065,6,CULIACAN,14,5,URBANA,2,-107.430349,24.782607
1066,6,CULIACAN,14,5,URBANA,2,-107.431097,24.78069
1067,6,CULIACAN,14,5,URBANA,2,-107.431772,24.778727
1068,6,CULIACAN,14,5,URBANA,2,-107.430315,24.77806
1069,6,CULIACAN,14,5,URBANA,2,-107.427625,24.779655
1070,6,CULIACAN,14,5,URBANA,2,-107.425121,24.780865
1071,6,CULIACAN,14,5,URBANA,2,-107.423077,24.780266
1072,6,CULIACAN,14,5,URBANA,2,-107.423526,24.782332
1073,6,CULIACAN,14,5,URBANA,2,-107.421166,24.782205
1074,6,CULIACAN,14,5,URBANA,2,-107.417676,24.783246
1075,6,CULIACAN,14,5,URBANA,2,-107.414465,24.784199
1076,6,CULIACAN,14,5,URBANA,2,-107.412081,24.783175
1077,6,CULIACAN,14,5,URBANA,2,-107.40925,24.785854
1078,6,CULIACAN,14,5,URBANA,2,-107.4082,24.78498
1079,6,CULIACAN,14,5,URBANA,2,-107.406677,24.787174
1080,6,CULIACAN,14,5,URBANA,2,-107.404948,24.787672
1081,6,CULIACAN,14,5,URBANA,2,-107.403667,24.787914
1082,6,CULIACAN,14,5,URBANA,2,-107.401705,24.788425
1083,6,CULIACAN,14,5,URBANA,2,-107.401646,24.786961
1084,6,CULIACAN,14,5,URBANA,2,-107.403017,24.786145
1085,6,CULIACAN,14,5,URBANA,2,-107.403379,24.785381
1086,6,CULIACAN,14,5,URBANA,2,-107.400766,24.78393
1087,6,CULIACAN,14,5,URBANA,2,-107.402328,24.782645
1088,6,CULIACAN,14,5,URBANA,2,-107.39919,24.782091
1089,6,CULIACAN,14,5,URBANA,2,-107.396729,24.779859
1090,6,CULIACAN,14,5,URBANA,2,-107.402103,24.780746
1091,6,CULIACAN,14,5,URBANA,2,-107.405212,24.780958
1092,6,CULIACAN,14,5,URBANA,2,-107.404503,24.782419
1093,6,CULIACAN,14,5,URBANA,2,-107.406758,24.782737
1094,6,CULIACAN,14,5,URBANA,2,-107.409647,24.782601
1095,6,CULIACAN,14,5,URBANA,2,-107.408941,24.780124
1096,6,CULIACAN,14,5,URBANA,2,-107.412492,24.779904
1097,6,CULIACAN,14,5,URBANA,2,-107.414657,24.780612
1098,6,CULIACAN,14,5,URBANA,2,-107.415518,24.782563
1099,6,CULIACAN,14,5,URBANA,2,-107.416882,24.781219
1100,6,CULIACAN,14,5,URBANA,2,-107.41856,24.779663
1101,6,CULIACAN,14,5,URBANA,2,-107.419694,24.780662
1102,6,CULIACAN,14,5,URBANA,2,-107.421352,24.779085
1103,6,CULIACAN,14,5,URBANA,2,-107.425124,24.778892
1104,6,CULIACAN,14,5,URBANA,2,-107.426902,24.777893
1105,6,CULIACAN,14,5,URBANA,2,-107.42755,24.777092
1106,6,CULIACAN,14,5,URBANA,2,-107.428274,24.775915
1107,6,CULIACAN,14,5,URBANA,2,-107.43077,24.776315
1108,6,CULIACAN,14,5,URBANA,2,-107.432396,24.776789
1109,6,CULIACAN,14,5,URBANA,2,-107.432379,24.775034
1110,6,CULIACAN,14,5,URBANA,2,-107.429526,24.77439
1111,6,CULIACAN,14,5,URBANA,2,-107.426729,24.77392
1112,6,CULIACAN,14,5,URBANA,2,-107.424907,24.775007
1113,6,CULIACAN,14,5,URBANA,2,-107.424,24.776523
1114,6,CULIACAN,14,5,URBANA,2,-107.422371,24.777513
1115,6,CULIACAN,14,5,URBANA,2,-107.419484,24.777443
1116,6,CULIACAN,14,5,URBANA,2,-107.417422,24.778662
1117,6,CULIACAN,14,5,URBANA,2,-107.413849,24.778596
1118,6,CULIACAN,14,5,URBANA,2,-107.410237,24.777949
1119,6,CULIACAN,14,5,URBANA,2,-107.403082,24.777801
1120,6,CULIACAN,14,5,URBANA,2,-107.407908,24.775887
1121,6,CULIACAN,14,5,URBANA,2,-107.411603,24.776632
1122,6,CULIACAN,14,5,URBANA,2,-107.414843,24.777655
1123,6,CULIACAN,14,5,URBANA,2,-107.415872,24.776719
1124,6,CULIACAN,14,5,URBANA,2,-107.417581,24.775797
1125,6,CULIACAN,14,5,URBANA,2,-107.420429,24.775853
1126,6,CULIACAN,14,5,URBANA,2,-107.422118,24.774937
1127,6,CULIACAN,14,5,URBANA,2,-107.423048,24.773362
1128,6,CULIACAN,14,5,URBANA,2,-107.425439,24.772442
1129,6,CULIACAN,14,5,URBANA,2,-107.429187,24.772042
1130,6,CULIACAN,14,5,URBANA,2,-107.432771,24.772796
1131,6,CULIACAN,14,5,URBANA,2,-107.433927,24.770118
1132,6,CULIACAN,14,5,URBANA,2,-107.436517,24.767094
1133,6,CULIACAN,14,5,URBANA,2,-107.430245,24.769875
1134,6,CULIACAN,14,5,URBANA,2,-107.428513,24.76862
1135,6,CULIACAN,14,5,URBANA,2,-107.427813,24.770693
1136,6,CULIACAN,14,5,URBANA,2,-107.425244,24.769384
1137,6,CULIACAN,14,5,URBANA,2,-107.423921,24.771132
1138,6,CULIACAN,14,5,URBANA,2,-107.421148,24.771708
1139,6,CULIACAN,14,5,URBANA,2,-107.419828,24.772953
1140,6,CULIACAN,14,5,URBANA,2,-107.418529,24.774222
1141,6,CULIACAN,14,5,URBANA,2,-107.415697,24.774139
1142,6,CULIACAN,14,5,URBANA,2,-107.413282,24.775052
1143,6,CULIACAN,14,5,URBANA,2,-107.409321,24.774644
1144,6,CULIACAN,16,5,URBANA,2,-107.406633,24.77348
1145,6,CULIACAN,16,5,URBANA,2,-107.402815,24.774697
1146,6,CULIACAN,16,5,URBANA,2,-107.398547,24.775225
1147,6,CULIACAN,16,5,URBANA,2,-107.395869,24.776189
1148,6,CULIACAN,16,5,URBANA,2,-107.393621,24.777036
1149,6,CULIACAN,16,5,URBANA,2,-107.394456,24.774515
1150,6,CULIACAN,16,5,URBANA,2,-107.396541,24.769818
1152,6,CULIACAN,16,5,URBANA,2,-107.399684,24.769974
1153,6,CULIACAN,16,5,URBANA,2,-107.400594,24.772894
1154,6,CULIACAN,16,5,URBANA,2,-107.403164,24.771446
1155,6,CULIACAN,16,5,URBANA,2,-107.404999,24.770718
1156,6,CULIACAN,16,5,URBANA,2,-107.404955,24.767767
1157,6,CULIACAN,16,5,URBANA,2,-107.40985,24.772091
1158,6,CULIACAN,14,5,URBANA,2,-107.411385,24.77342
1159,6,CULIACAN,14,5,URBANA,2,-107.413427,24.772149
1160,6,CULIACAN,14,5,URBANA,2,-107.416261,24.772237
1161,6,CULIACAN,14,5,URBANA,2,-107.417944,24.771302
1162,6,CULIACAN,14,5,URBANA,2,-107.418503,24.769373
1163,6,CULIACAN,14,5,URBANA,2,-107.422399,24.769814
1164,6,CULIACAN,14,5,URBANA,2,-107.420895,24.768486
1165,6,CULIACAN,14,5,URBANA,2,-107.422912,24.767239
1166,6,CULIACAN,14,5,URBANA,2,-107.423684,24.765648
1167,6,CULIACAN,14,5,URBANA,2,-107.426321,24.766962
1168,6,CULIACAN,14,5,URBANA,2,-107.428743,24.766265
1169,6,CULIACAN,15,5,URBANA,2,-107.444545,24.756104
1170,6,CULIACAN,15,5,URBANA,2,-107.435691,24.761242
1171,6,CULIACAN,15,5,URBANA,2,-107.429345,24.763518
1172,6,CULIACAN,15,5,URBANA,2,-107.425783,24.764076
1173,6,CULIACAN,14,5,URBANA,2,-107.420657,24.765447
1174,6,CULIACAN,14,5,URBANA,2,-107.419379,24.767148
1175,6,CULIACAN,14,5,URBANA,2,-107.416059,24.769655
1176,6,CULIACAN,14,5,URBANA,2,-107.413989,24.770227
1177,6,CULIACAN,16,5,URBANA,2,-107.411544,24.770497
1178,6,CULIACAN,16,5,URBANA,2,-107.404981,24.763771
1179,6,CULIACAN,16,5,URBANA,2,-107.41106,24.767883
1180,6,CULIACAN,14,5,URBANA,2,-107.413789,24.767727
1181,6,CULIACAN,16,5,URBANA,2,-107.403648,24.750755
1182,6,CULIACAN,16,5,URBANA,2,-107.411873,24.762044
1183,6,CULIACAN,14,5,URBANA,2,-107.416054,24.767053
1184,6,CULIACAN,14,5,URBANA,2,-107.417496,24.765484
1185,6,CULIACAN,16,5,URBANA,2,-107.414709,24.760822
1187,6,CULIACAN,14,5,URBANA,2,-107.421974,24.763852
1188,6,CULIACAN,15,5,URBANA,2,-107.420378,24.758325
1189,6,CULIACAN,15,5,URBANA,2,-107.42381,24.75835
1190,6,CULIACAN,15,5,URBANA,2,-107.428354,24.761193
1191,6,CULIACAN,15,5,URBANA,2,-107.435328,24.759467
1192,6,CULIACAN,15,5,URBANA,2,-107.432922,24.758505
1193,6,CULIACAN,15,5,URBANA,2,-107.436457,24.75703
1194,6,CULIACAN,15,5,URBANA,2,-107.426769,24.756932
1195,6,CULIACAN,15,5,URBANA,2,-107.43078,24.757426
1196,6,CULIACAN,15,5,URBANA,2,-107.435461,24.755924
1197,6,CULIACAN,15,5,URBANA,2,-107.428394,24.755104
1198,6,CULIACAN,15,5,URBANA,2,-107.432438,24.755146
1199,6,CULIACAN,15,5,URBANA,2,-107.436629,24.754067
1200,6,CULIACAN,15,5,URBANA,2,-107.428282,24.746618
1201,6,CULIACAN,15,5,URBANA,2,-107.436602,24.746662
1202,6,CULIACAN,15,5,URBANA,2,-107.428035,24.752633
1203,6,CULIACAN,15,5,URBANA,2,-107.427871,24.750723
1204,6,CULIACAN,15,5,URBANA,2,-107.423465,24.752051
1206,6,CULIACAN,11,7,URBANA,2,-107.377508,24.843544
1207,6,CULIACAN,11,7,URBANA,2,-107.378406,24.836632
1208,6,CULIACAN,11,7,URBANA,2,-107.379089,24.83408
1209,6,CULIACAN,11,7,URBANA,2,-107.376971,24.834281
1211,6,CULIACAN,11,7,URBANA,2,-107.377895,24.832617
1212,6,CULIACAN,11,7,URBANA,2,-107.377779,24.831514
1213,6,CULIACAN,11,7,URBANA,2,-107.377968,24.83054
1214,6,CULIACAN,13,7,URBANA,2,-107.372303,24.829321
1215,6,CULIACAN,13,7,URBANA,2,-107.37789,24.829069
1216,6,CULIACAN,13,7,URBANA,2,-107.380542,24.825085
1217,6,CULIACAN,11,7,URBANA,2,-107.3998,24.861211
1219,6,CULIACAN,11,7,URBANA,2,-107.395961,24.853231
1220,6,CULIACAN,11,7,URBANA,2,-107.397358,24.848179
1221,6,CULIACAN,11,7,RURAL,4,-107.512295,25.098964
1222,6,CULIACAN,11,7,MIXTA,3,-107.465857,25.105169
1223,6,CULIACAN,11,7,URBANA,2,-107.44833,25.090365
1224,6,CULIACAN,11,7,URBANA,2,-107.455373,25.085139
1225,6,CULIACAN,11,7,RURAL,4,-107.35392,25.168277
1226,6,CULIACAN,11,7,RURAL,4,-107.300542,25.107565
1227,6,CULIACAN,11,7,RURAL,4,-107.184717,25.188247
1228,6,CULIACAN,11,7,RURAL,4,-107.20225,25.080226
1229,6,CULIACAN,11,7,RURAL,4,-107.272015,25.030547
1230,6,CULIACAN,11,7,RURAL,4,-107.370714,25.054319
1231,6,CULIACAN,11,7,RURAL,4,-107.510892,25.056341
1232,6,CULIACAN,11,7,RURAL,4,-107.451426,25.055822
1233,6,CULIACAN,11,7,RURAL,4,-107.43811,25.014823
1234,6,CULIACAN,11,7,RURAL,4,-107.557293,25.021729
1235,6,CULIACAN,11,7,RURAL,4,-107.571086,24.983245
1236,6,CULIACAN,11,7,RURAL,4,-107.511537,25.006778
1237,6,CULIACAN,11,7,RURAL,4,-107.476026,24.977052
1238,6,CULIACAN,11,7,RURAL,4,-107.333813,25.004115
1239,6,CULIACAN,11,7,URBANA,2,-107.345013,24.937409
1240,6,CULIACAN,11,7,RURAL,4,-107.310126,24.959038
1241,6,CULIACAN,11,7,RURAL,4,-107.373837,24.949561
1242,6,CULIACAN,11,7,RURAL,4,-107.417549,24.968439
1243,6,CULIACAN,11,7,RURAL,4,-107.491739,24.957959
1244,6,CULIACAN,11,7,MIXTA,3,-107.532056,24.934113
1245,6,CULIACAN,11,7,MIXTA,3,-107.490556,24.903682
1246,6,CULIACAN,11,7,MIXTA,3,-107.537263,24.897994
1247,6,CULIACAN,11,7,MIXTA,3,-107.640992,24.927292
1248,6,CULIACAN,11,7,MIXTA,3,-107.592203,24.928035
1249,6,CULIACAN,11,7,URBANA,2,-107.628378,24.896999
1250,6,CULIACAN,11,7,MIXTA,3,-107.611528,24.891149
1251,6,CULIACAN,11,7,URBANA,2,-107.631596,24.892126
1252,6,CULIACAN,11,7,MIXTA,3,-107.662577,24.894405
1253,6,CULIACAN,11,7,URBANA,2,-107.633551,24.896023
1254,6,CULIACAN,11,7,URBANA,2,-107.636505,24.896283
1255,6,CULIACAN,11,7,RURAL,4,-107.449463,24.919975
1256,6,CULIACAN,11,7,RURAL,4,-107.423036,24.901659
1257,6,CULIACAN,11,7,RURAL,4,-107.375912,24.921541
1258,6,CULIACAN,11,7,RURAL,4,-107.336795,24.911987
1259,6,CULIACAN,11,7,MIXTA,3,-107.351226,24.882563
1260,6,CULIACAN,11,7,MIXTA,3,-107.388625,24.888786
1261,6,CULIACAN,11,7,MIXTA,3,-107.391124,24.879159
1262,6,CULIACAN,11,7,URBANA,2,-107.390438,24.869503
1263,6,CULIACAN,12,5,RURAL,4,-107.411928,24.857264
1264,6,CULIACAN,12,5,RURAL,4,-107.510872,24.862666
1265,6,CULIACAN,12,5,URBANA,2,-107.575894,24.843163
1266,6,CULIACAN,12,5,MIXTA,3,-107.59038,24.827618
1267,6,CULIACAN,12,5,RURAL,4,-107.560111,24.833871
1268,6,CULIACAN,12,5,RURAL,4,-107.56065,24.80603
1269,6,CULIACAN,12,5,URBANA,2,-107.539092,24.826755
1270,6,CULIACAN,12,5,URBANA,2,-107.533252,24.826867
1271,6,CULIACAN,12,5,MIXTA,3,-107.534072,24.826999
1272,6,CULIACAN,12,5,URBANA,2,-107.537095,24.821273
1273,6,CULIACAN,12,5,MIXTA,3,-107.495625,24.829518
1274,6,CULIACAN,12,5,URBANA,2,-107.498577,24.819027
1276,6,CULIACAN,12,5,MIXTA,3,-107.460516,24.817371
1277,6,CULIACAN,12,5,MIXTA,3,-107.440035,24.847835
1278,6,CULIACAN,13,7,RURAL,4,-107.349409,24.819206
1280,6,CULIACAN,15,5,URBANA,2,-107.512444,24.782644
1281,6,CULIACAN,15,5,MIXTA,3,-107.51573,24.793365
1282,6,CULIACAN,15,5,MIXTA,3,-107.503687,24.778491
1283,6,CULIACAN,15,5,URBANA,2,-107.506367,24.780721
1284,6,CULIACAN,15,5,URBANA,2,-107.507646,24.777325
1285,6,CULIACAN,15,5,URBANA,2,-107.509185,24.780681
1286,6,CULIACAN,15,5,URBANA,2,-107.512271,24.780922
1287,6,CULIACAN,15,5,URBANA,2,-107.516906,24.779596
1288,6,CULIACAN,15,5,URBANA,2,-107.515354,24.776433
1289,6,CULIACAN,15,5,URBANA,2,-107.512181,24.778457
1290,6,CULIACAN,15,5,URBANA,2,-107.510234,24.778639
1291,6,CULIACAN,15,5,URBANA,2,-107.512337,24.77544
1292,6,CULIACAN,15,5,URBANA,2,-107.507926,24.774455
1293,6,CULIACAN,15,5,MIXTA,3,-107.508813,24.765535
1294,6,CULIACAN,15,5,RURAL,4,-107.499902,24.743812
1295,6,CULIACAN,13,7,URBANA,2,-107.382313,24.802373
1296,6,CULIACAN,13,7,URBANA,2,-107.379736,24.802764
1297,6,CULIACAN,13,7,URBANA,2,-107.378293,24.803502
1298,6,CULIACAN,13,7,URBANA,2,-107.376274,24.803457
1299,6,CULIACAN,13,7,URBANA,2,-107.374452,24.802746
1300,6,CULIACAN,13,7,URBANA,2,-107.372527,24.801864
1301,6,CULIACAN,13,7,URBANA,2,-107.370325,24.801106
1302,6,CULIACAN,13,7,URBANA,2,-107.367439,24.800876
1303,6,CULIACAN,13,7,URBANA,2,-107.364562,24.800019
1304,6,CULIACAN,13,7,URBANA,2,-107.36142,24.800816
1305,6,CULIACAN,13,7,URBANA,2,-107.355388,24.801028
1306,6,CULIACAN,13,7,URBANA,2,-107.352696,24.807579
1307,6,CULIACAN,13,7,URBANA,2,-107.3462,24.807129
1308,6,CULIACAN,13,7,URBANA,2,-107.338562,24.807111
1309,6,CULIACAN,17,7,URBANA,2,-107.330417,24.807833
1311,6,CULIACAN,17,7,URBANA,2,-107.350253,24.801456
1312,6,CULIACAN,13,7,URBANA,2,-107.35764,24.799491
1313,6,CULIACAN,13,7,URBANA,2,-107.361153,24.799028
1314,6,CULIACAN,13,7,URBANA,2,-107.364164,24.797679
1315,6,CULIACAN,13,7,URBANA,2,-107.367653,24.799672
1316,6,CULIACAN,13,7,URBANA,2,-107.37163,24.7991
1317,6,CULIACAN,13,7,URBANA,2,-107.375086,24.800757
1318,6,CULIACAN,13,7,URBANA,2,-107.377367,24.801131
1319,6,CULIACAN,13,7,URBANA,2,-107.380705,24.801481
1320,6,CULIACAN,13,7,URBANA,2,-107.380836,24.800341
1321,6,CULIACAN,13,7,URBANA,2,-107.367841,24.798779
1322,6,CULIACAN,13,7,URBANA,2,-107.360776,24.796733
1323,6,CULIACAN,13,7,URBANA,2,-107.356618,24.797829
1324,6,CULIACAN,17,7,URBANA,2,-107.348385,24.796878
1325,6,CULIACAN,17,7,URBANA,2,-107.351561,24.795435
1326,6,CULIACAN,13,7,URBANA,2,-107.356097,24.796417
1327,6,CULIACAN,13,7,URBANA,2,-107.364264,24.795782
1328,6,CULIACAN,13,7,URBANA,2,-107.36706,24.796812
1329,6,CULIACAN,13,7,URBANA,2,-107.369306,24.797588
1331,6,CULIACAN,13,7,URBANA,2,-107.373701,24.796464
1332,6,CULIACAN,13,7,URBANA,2,-107.379645,24.799444
1333,6,CULIACAN,13,7,URBANA,2,-107.381879,24.798686
1334,6,CULIACAN,13,7,URBANA,2,-107.380483,24.797038
1335,6,CULIACAN,13,7,URBANA,2,-107.378574,24.798226
1336,6,CULIACAN,13,7,URBANA,2,-107.370076,24.795604
1337,6,CULIACAN,13,7,URBANA,2,-107.367386,24.795015
1338,6,CULIACAN,13,7,URBANA,2,-107.364519,24.793682
1339,6,CULIACAN,13,7,URBANA,2,-107.361576,24.794526
1340,6,CULIACAN,13,7,URBANA,2,-107.357685,24.795045
1341,6,CULIACAN,17,7,URBANA,2,-107.351363,24.794525
1342,6,CULIACAN,13,7,URBANA,2,-107.356648,24.793689
1343,6,CULIACAN,13,7,URBANA,2,-107.360482,24.79196
1344,6,CULIACAN,13,7,URBANA,2,-107.367607,24.793489
1345,6,CULIACAN,13,7,URBANA,2,-107.370246,24.793682
1346,6,CULIACAN,13,7,URBANA,2,-107.378295,24.796743
1347,6,CULIACAN,13,7,URBANA,2,-107.380178,24.794988
1348,6,CULIACAN,13,7,URBANA,2,-107.377888,24.796141
1349,6,CULIACAN,13,7,URBANA,2,-107.377008,24.795394
1350,6,CULIACAN,13,7,URBANA,2,-107.380003,24.79367
1351,6,CULIACAN,13,7,URBANA,2,-107.376291,24.794248
1352,6,CULIACAN,13,7,URBANA,2,-107.368146,24.792007
1353,6,CULIACAN,13,7,URBANA,2,-107.364444,24.791575
1354,6,CULIACAN,13,7,URBANA,2,-107.356395,24.791728
1355,6,CULIACAN,17,7,URBANA,2,-107.352731,24.792704
1356,6,CULIACAN,17,7,URBANA,2,-107.349023,24.79315
1357,6,CULIACAN,17,7,URBANA,2,-107.347615,24.789687
1358,6,CULIACAN,17,7,URBANA,2,-107.349857,24.789705
1359,6,CULIACAN,17,7,URBANA,2,-107.352724,24.789906
1360,6,CULIACAN,17,7,URBANA,2,-107.355853,24.789698
1361,6,CULIACAN,13,7,URBANA,2,-107.359099,24.788886
1362,6,CULIACAN,13,7,URBANA,2,-107.361741,24.789125
1363,6,CULIACAN,13,7,URBANA,2,-107.364495,24.789747
1364,6,CULIACAN,13,7,URBANA,2,-107.367453,24.790756
1365,6,CULIACAN,13,7,URBANA,2,-107.37162,24.791353
1366,6,CULIACAN,13,7,URBANA,2,-107.374604,24.792154
1367,6,CULIACAN,13,7,URBANA,2,-107.377145,24.792987
1368,6,CULIACAN,13,7,URBANA,2,-107.379536,24.79182
1369,6,CULIACAN,13,7,URBANA,2,-107.377949,24.791953
1370,6,CULIACAN,13,7,URBANA,2,-107.37665,24.791824
1371,6,CULIACAN,13,7,URBANA,2,-107.37897,24.78933
1372,6,CULIACAN,13,7,URBANA,2,-107.376675,24.790582
1373,6,CULIACAN,13,7,URBANA,2,-107.373952,24.789558
1374,6,CULIACAN,13,7,URBANA,2,-107.37067,24.789872
1375,6,CULIACAN,13,7,URBANA,2,-107.36749,24.78955
1376,6,CULIACAN,17,7,URBANA,2,-107.355656,24.787556
1377,6,CULIACAN,17,7,URBANA,2,-107.347628,24.779398
1378,6,CULIACAN,13,7,URBANA,2,-107.360335,24.787312
1379,6,CULIACAN,13,7,URBANA,2,-107.364449,24.787758
1380,6,CULIACAN,13,7,URBANA,2,-107.367727,24.788188
1381,6,CULIACAN,13,7,URBANA,2,-107.370639,24.787848
1382,6,CULIACAN,13,7,URBANA,2,-107.373439,24.787978
1383,6,CULIACAN,13,7,URBANA,2,-107.376254,24.788903
1384,6,CULIACAN,13,7,URBANA,2,-107.380888,24.787615
1385,6,CULIACAN,13,7,URBANA,2,-107.37841,24.787538
1386,6,CULIACAN,13,7,URBANA,2,-107.380377,24.786004
1387,6,CULIACAN,13,7,URBANA,2,-107.377958,24.786282
1388,6,CULIACAN,13,7,URBANA,2,-107.375792,24.787116
1389,6,CULIACAN,13,7,URBANA,2,-107.37298,24.786431
1390,6,CULIACAN,13,7,URBANA,2,-107.367403,24.786515
1391,6,CULIACAN,13,7,URBANA,2,-107.365015,24.785292
1392,6,CULIACAN,13,7,URBANA,2,-107.362294,24.785304
1393,6,CULIACAN,13,7,URBANA,2,-107.358711,24.786108
1394,6,CULIACAN,17,7,URBANA,2,-107.354777,24.784052
1395,6,CULIACAN,13,7,URBANA,2,-107.357742,24.784261
1396,6,CULIACAN,13,7,URBANA,2,-107.360023,24.783098
1397,6,CULIACAN,13,7,URBANA,2,-107.36355,24.782931
1398,6,CULIACAN,13,7,URBANA,2,-107.367119,24.784448
1399,6,CULIACAN,13,7,URBANA,2,-107.369128,24.784271
1400,6,CULIACAN,13,7,URBANA,2,-107.371447,24.784846
1401,6,CULIACAN,13,7,URBANA,2,-107.373252,24.784466
1402,6,CULIACAN,13,7,URBANA,2,-107.375409,24.785571
1403,6,CULIACAN,13,7,URBANA,2,-107.379636,24.784339
1404,6,CULIACAN,13,7,URBANA,2,-107.377425,24.784795
1405,6,CULIACAN,13,7,URBANA,2,-107.37559,24.7835
1406,6,CULIACAN,13,7,URBANA,2,-107.372319,24.783039
1407,6,CULIACAN,13,7,URBANA,2,-107.36684,24.781675
1408,6,CULIACAN,13,7,URBANA,2,-107.362053,24.78106
1409,6,CULIACAN,17,7,URBANA,2,-107.357938,24.780582
1410,6,CULIACAN,17,7,URBANA,2,-107.356501,24.782217
1411,6,CULIACAN,17,7,URBANA,2,-107.352521,24.779536
1412,6,CULIACAN,17,7,URBANA,2,-107.356628,24.777036
1413,6,CULIACAN,17,7,URBANA,2,-107.360114,24.779579
1414,6,CULIACAN,17,7,URBANA,2,-107.361814,24.778676
1415,6,CULIACAN,13,7,URBANA,2,-107.365559,24.778627
1416,6,CULIACAN,13,7,URBANA,2,-107.365562,24.780343
1417,6,CULIACAN,13,7,URBANA,2,-107.371668,24.781846
1418,6,CULIACAN,13,7,URBANA,2,-107.375034,24.781579
1419,6,CULIACAN,13,7,URBANA,2,-107.37975,24.782657
1420,6,CULIACAN,13,7,URBANA,2,-107.379621,24.781543
1421,6,CULIACAN,13,7,URBANA,2,-107.379403,24.780497
1422,6,CULIACAN,13,7,URBANA,2,-107.374566,24.77981
1423,6,CULIACAN,13,7,URBANA,2,-107.371267,24.780531
1424,6,CULIACAN,13,7,URBANA,2,-107.369714,24.779672
1425,6,CULIACAN,17,7,URBANA,2,-107.351088,24.774891
1426,6,CULIACAN,17,7,URBANA,2,-107.356888,24.772475
1427,6,CULIACAN,17,7,URBANA,2,-107.364578,24.777343
1428,6,CULIACAN,13,7,URBANA,2,-107.368929,24.778482
1429,6,CULIACAN,13,7,URBANA,2,-107.372141,24.778657
1430,6,CULIACAN,13,7,URBANA,2,-107.378941,24.779305
1431,6,CULIACAN,13,7,URBANA,2,-107.380868,24.778104
1432,6,CULIACAN,13,7,URBANA,2,-107.384645,24.778889
1433,6,CULIACAN,13,7,URBANA,2,-107.388432,24.773768
1434,6,CULIACAN,13,7,URBANA,2,-107.381304,24.776289
1435,6,CULIACAN,13,7,URBANA,2,-107.378203,24.776995
1436,6,CULIACAN,13,7,URBANA,2,-107.374957,24.777753
1437,6,CULIACAN,13,7,URBANA,2,-107.371887,24.777208
1438,6,CULIACAN,13,7,URBANA,2,-107.369338,24.777322
1439,6,CULIACAN,17,7,URBANA,2,-107.363834,24.77573
1440,6,CULIACAN,17,7,URBANA,2,-107.361636,24.77099
1441,6,CULIACAN,13,7,URBANA,2,-107.374749,24.776285
1442,6,CULIACAN,13,7,URBANA,2,-107.378529,24.775404
1443,6,CULIACAN,13,7,URBANA,2,-107.384297,24.775959
1444,6,CULIACAN,13,7,URBANA,2,-107.386639,24.775442
1445,6,CULIACAN,13,7,URBANA,2,-107.383762,24.774214
1446,6,CULIACAN,13,7,URBANA,2,-107.383751,24.773018
1447,6,CULIACAN,13,7,URBANA,2,-107.378373,24.774426
1448,6,CULIACAN,17,7,URBANA,2,-107.374549,24.775053
1449,6,CULIACAN,17,7,URBANA,2,-107.370313,24.77386
1450,6,CULIACAN,17,7,URBANA,2,-107.378222,24.773446
1451,6,CULIACAN,13,7,URBANA,2,-107.382691,24.772427
1452,6,CULIACAN,13,7,URBANA,2,-107.383094,24.771194
1453,6,CULIACAN,17,7,URBANA,2,-107.378089,24.772454
1454,6,CULIACAN,17,7,URBANA,2,-107.377909,24.771431
1455,6,CULIACAN,13,7,URBANA,2,-107.382372,24.770387
1456,6,CULIACAN,13,7,URBANA,2,-107.382422,24.769215
1457,6,CULIACAN,17,7,URBANA,2,-107.377786,24.7703
1458,6,CULIACAN,17,7,URBANA,2,-107.369203,24.769844
1459,6,CULIACAN,17,7,URBANA,2,-107.373684,24.769186
1460,6,CULIACAN,17,7,URBANA,2,-107.377553,24.76917
1461,6,CULIACAN,16,7,URBANA,2,-107.384823,24.767409
1462,6,CULIACAN,16,7,URBANA,2,-107.384847,24.766303
1463,6,CULIACAN,17,7,URBANA,2,-107.377409,24.76802
1464,6,CULIACAN,17,7,URBANA,2,-107.373379,24.767242
1465,6,CULIACAN,17,7,URBANA,2,-107.376153,24.766609
1466,6,CULIACAN,16,7,URBANA,2,-107.379776,24.765829
1467,6,CULIACAN,16,7,URBANA,2,-107.383288,24.763991
1468,6,CULIACAN,16,7,URBANA,2,-107.387233,24.763829
1469,6,CULIACAN,16,7,URBANA,2,-107.38657,24.760971
1470,6,CULIACAN,16,7,URBANA,2,-107.37917,24.76407
1471,6,CULIACAN,17,7,URBANA,2,-107.375565,24.764193
1472,6,CULIACAN,17,7,URBANA,2,-107.367326,24.765493
1473,6,CULIACAN,17,7,URBANA,2,-107.369671,24.762838
1474,6,CULIACAN,17,7,URBANA,2,-107.375398,24.761378
1475,6,CULIACAN,16,7,URBANA,2,-107.378926,24.762629
1476,6,CULIACAN,16,7,URBANA,2,-107.381681,24.760614
1479,6,CULIACAN,17,7,URBANA,2,-107.375004,24.758688
1480,6,CULIACAN,17,7,URBANA,2,-107.372218,24.760114
1481,6,CULIACAN,17,7,URBANA,2,-107.367291,24.755277
1483,6,CULIACAN,17,7,URBANA,2,-107.371895,24.758205
1484,6,CULIACAN,16,7,URBANA,2,-107.377008,24.748922
1485,6,CULIACAN,17,7,URBANA,2,-107.371541,24.756312
1486,6,CULIACAN,17,7,URBANA,2,-107.371505,24.75449
1487,6,CULIACAN,11,7,RURAL,4,-107.15252,25.013582
1488,6,CULIACAN,17,7,RURAL,4,-106.95865,24.8452
1489,6,CULIACAN,17,7,RURAL,4,-107.057393,24.922887
1490,6,CULIACAN,17,7,RURAL,4,-107.117515,24.883107
1491,6,CULIACAN,17,7,RURAL,4,-107.166279,24.91683
1492,6,CULIACAN,17,7,RURAL,4,-107.223957,24.943062
1493,6,CULIACAN,17,7,URBANA,2,-107.255011,24.913334
1494,6,CULIACAN,17,7,MIXTA,3,-107.266451,24.91114
1495,6,CULIACAN,17,7,RURAL,4,-107.29465,24.908204
1496,6,CULIACAN,17,7,RURAL,4,-107.286949,24.885211
1497,6,CULIACAN,17,7,RURAL,4,-107.195287,24.850532
1498,6,CULIACAN,17,7,RURAL,4,-107.015563,24.801294
1499,6,CULIACAN,17,7,RURAL,4,-107.252009,24.834926
1500,6,CULIACAN,17,7,MIXTA,3,-107.309771,24.845995
1501,6,CULIACAN,17,7,RURAL,4,-107.302333,24.810712
1502,6,CULIACAN,17,7,RURAL,4,-107.278874,24.771069
1503,6,CULIACAN,17,7,MIXTA,3,-107.121456,24.83185
1504,6,CULIACAN,17,7,MIXTA,3,-107.18501,24.793224
1505,6,CULIACAN,17,7,RURAL,4,-107.093862,24.775019
1506,6,CULIACAN,17,7,RURAL,4,-107.217679,24.770712
1507,6,CULIACAN,18,7,RURAL,4,-107.473278,24.722082
1508,6,CULIACAN,18,7,MIXTA,3,-107.434884,24.73208
1509,6,CULIACAN,18,7,URBANA,2,-107.447443,24.726379
1510,6,CULIACAN,18,7,URBANA,2,-107.444704,24.715607
1511,6,CULIACAN,18,7,URBANA,2,-107.452451,24.723219
1512,6,CULIACAN,18,7,MIXTA,3,-107.362301,24.725581
1513,6,CULIACAN,17,7,RURAL,4,-107.251756,24.720417
1514,6,CULIACAN,17,7,RURAL,4,-107.182724,24.740611
1515,6,CULIACAN,17,7,RURAL,4,-107.171243,24.692642
1516,6,CULIACAN,17,7,RURAL,4,-107.0845,24.723608
1517,6,CULIACAN,17,7,RURAL,4,-107.135197,24.68746
1518,6,CULIACAN,17,7,RURAL,4,-107.198684,24.68502
1519,6,CULIACAN,17,7,RURAL,4,-107.223692,24.667809
1520,6,CULIACAN,17,7,RURAL,4,-107.241735,24.689786
1521,6,CULIACAN,17,7,MIXTA,3,-107.313781,24.684865
1522,6,CULIACAN,17,7,RURAL,4,-107.273061,24.643848
1523,6,CULIACAN,17,7,RURAL,4,-107.255535,24.663806
1524,6,CULIACAN,17,6,RURAL,4,-107.200649,24.647028
1526,6,CULIACAN,17,6,RURAL,4,-107.128767,24.639846
1527,6,CULIACAN,17,7,RURAL,4,-107.100314,24.678763
1528,6,CULIACAN,17,6,RURAL,4,-107.06695,24.643574
1531,6,CULIACAN,19,6,RURAL,4,-107.044058,24.604284
1532,6,CULIACAN,18,7,RURAL,4,-107.428963,24.71218
1533,6,CULIACAN,18,7,RURAL,4,-107.40009,24.704285
1534,6,CULIACAN,18,7,RURAL,4,-107.360571,24.659051
1535,6,CULIACAN,18,7,RURAL,4,-107.437956,24.687824
1536,6,CULIACAN,18,7,RURAL,4,-107.50436,24.649904
1537,6,CULIACAN,18,7,RURAL,4,-107.486637,24.664892
1538,6,CULIACAN,18,7,RURAL,4,-107.467358,24.665507
1539,6,CULIACAN,18,7,RURAL,4,-107.441873,24.670322
1540,6,CULIACAN,18,6,RURAL,4,-107.392706,24.61694
1541,6,CULIACAN,18,7,RURAL,4,-107.414198,24.641588
1542,6,CULIACAN,18,7,RURAL,4,-107.496446,24.631655
1543,6,CULIACAN,18,6,RURAL,4,-107.440902,24.615575
1544,6,CULIACAN,18,7,RURAL,4,-107.447363,24.639676
1545,6,CULIACAN,19,6,RURAL,4,-107.031224,24.528807
1546,6,CULIACAN,17,6,RURAL,4,-107.124692,24.564086
1547,6,CULIACAN,17,6,RURAL,4,-107.119215,24.600177
1548,6,CULIACAN,17,6,RURAL,4,-107.172522,24.609994
1549,6,CULIACAN,17,6,RURAL,4,-107.184022,24.576264
1550,6,CULIACAN,17,6,RURAL,4,-107.244318,24.597663
1551,6,CULIACAN,17,6,RURAL,4,-107.298143,24.62081
1552,6,CULIACAN,18,6,RURAL,4,-107.369007,24.613585
1553,6,CULIACAN,18,6,URBANA,2,-107.394249,24.599657
1554,6,CULIACAN,18,6,URBANA,2,-107.39216,24.598013
1555,6,CULIACAN,18,6,URBANA,2,-107.390563,24.599847
1556,6,CULIACAN,18,6,URBANA,2,-107.387007,24.600599
1557,6,CULIACAN,18,6,URBANA,2,-107.382436,24.602116
1558,6,CULIACAN,18,6,URBANA,2,-107.380848,24.595888
1559,6,CULIACAN,18,6,URBANA,2,-107.384288,24.595924
1560,6,CULIACAN,18,6,URBANA,2,-107.390636,24.595235
1561,6,CULIACAN,18,6,URBANA,2,-107.392424,24.595738
1562,6,CULIACAN,18,6,URBANA,2,-107.396605,24.596739
1563,6,CULIACAN,18,6,URBANA,2,-107.40195,24.59246
1564,6,CULIACAN,18,6,URBANA,2,-107.3924,24.592585
1565,6,CULIACAN,18,6,URBANA,2,-107.390676,24.593236
1566,6,CULIACAN,18,6,URBANA,2,-107.389334,24.593418
1567,6,CULIACAN,18,6,URBANA,2,-107.388193,24.59266
1568,6,CULIACAN,18,6,URBANA,2,-107.3865,24.592827
1569,6,CULIACAN,18,6,URBANA,2,-107.38438,24.592469
1570,6,CULIACAN,18,6,URBANA,2,-107.38099,24.592309
1571,6,CULIACAN,18,6,URBANA,2,-107.387582,24.59124
1572,6,CULIACAN,18,6,URBANA,2,-107.389356,24.591313
1573,6,CULIACAN,18,6,URBANA,2,-107.390721,24.591662
1574,6,CULIACAN,18,6,MIXTA,3,-107.401134,24.589075
1575,6,CULIACAN,18,6,URBANA,2,-107.394222,24.587619
1576,6,CULIACAN,18,6,URBANA,2,-107.388671,24.587229
1577,6,CULIACAN,18,6,URBANA,2,-107.383884,24.589878
1578,6,CULIACAN,18,6,URBANA,2,-107.382783,24.58795
1579,6,CULIACAN,18,6,URBANA,2,-107.379507,24.587489
1580,6,CULIACAN,18,6,URBANA,2,-107.397146,24.586765
1581,6,CULIACAN,18,6,URBANA,2,-107.402553,24.586657
1582,6,CULIACAN,18,6,URBANA,2,-107.403497,24.583238
1583,6,CULIACAN,18,6,URBANA,2,-107.393297,24.579462
1584,6,CULIACAN,18,6,URBANA,2,-107.389955,24.580443
1585,6,CULIACAN,18,6,URBANA,2,-107.388035,24.582176
1586,6,CULIACAN,18,6,URBANA,2,-107.386565,24.582106
1587,6,CULIACAN,18,6,RURAL,4,-107.483308,24.594476
1588,6,CULIACAN,18,6,RURAL,4,-107.463472,24.554684
1589,6,CULIACAN,18,6,RURAL,4,-107.442307,24.561707
1590,6,CULIACAN,18,6,RURAL,4,-107.406216,24.575717
1591,6,CULIACAN,18,6,MIXTA,3,-107.354302,24.589198
1592,6,CULIACAN,18,6,URBANA,2,-107.355059,24.594073
1593,6,CULIACAN,18,6,RURAL,4,-107.319271,24.573307
1594,6,CULIACAN,19,6,RURAL,4,-107.084971,24.585818
1595,6,CULIACAN,17,6,RURAL,4,-107.078753,24.525571
1596,6,CULIACAN,18,6,MIXTA,3,-107.206113,24.531724
1597,6,CULIACAN,17,6,MIXTA,3,-107.142086,24.53766
1598,6,CULIACAN,19,6,MIXTA,3,-107.134076,24.478155
1599,6,CULIACAN,18,6,RURAL,4,-107.278079,24.537049
1600,6,CULIACAN,18,6,RURAL,4,-107.287531,24.554165
1603,6,CULIACAN,18,6,RURAL,4,-107.406821,24.53451
1604,6,CULIACAN,18,6,RURAL,4,-107.484234,24.525741
1605,6,CULIACAN,18,6,RURAL,4,-107.411027,24.467454
1606,6,CULIACAN,18,6,RURAL,4,-107.450586,24.498283
1607,6,CULIACAN,18,6,RURAL,4,-107.373734,24.512538
1608,6,CULIACAN,18,6,RURAL,4,-107.324572,24.514478
1609,6,CULIACAN,18,6,RURAL,4,-107.252181,24.512966
1610,6,CULIACAN,18,6,RURAL,4,-107.278806,24.496098
1611,6,CULIACAN,18,6,RURAL,4,-107.234982,24.490772
1612,6,CULIACAN,18,6,URBANA,2,-107.309021,24.492416
1613,6,CULIACAN,18,6,URBANA,2,-107.313452,24.496469
1614,6,CULIACAN,18,6,URBANA,2,-107.320176,24.496173
1615,6,CULIACAN,18,6,URBANA,2,-107.315524,24.49202
1616,6,CULIACAN,18,6,RURAL,4,-107.382024,24.487898
1617,6,CULIACAN,18,6,RURAL,4,-107.465969,24.466172
1618,19,ELDORADO,18,6,RURAL,4,-107.433983,24.387341
1619,19,ELDORADO,18,6,URBANA,2,-107.377709,24.442967
1620,19,ELDORADO,18,6,URBANA,2,-107.376537,24.450946
1621,19,ELDORADO,18,6,URBANA,2,-107.372261,24.4452
1622,19,ELDORADO,18,6,RURAL,4,-107.368703,24.462773
1623,19,ELDORADO,18,6,RURAL,4,-107.390757,24.46398
1624,6,CULIACAN,18,6,RURAL,4,-107.317944,24.475616
1625,6,CULIACAN,18,6,MIXTA,3,-107.214895,24.468027
1626,6,CULIACAN,18,6,URBANA,2,-107.220061,24.468465
1627,6,CULIACAN,19,6,RURAL,4,-107.180167,24.440138
1628,6,CULIACAN,19,6,RURAL,4,-107.056315,24.452515
1629,6,CULIACAN,19,6,RURAL,4,-107.024468,24.393874
1630,6,CULIACAN,19,6,RURAL,4,-107.074098,24.423089
1631,6,CULIACAN,19,6,RURAL,4,-107.143366,24.420738
1632,6,CULIACAN,19,6,URBANA,2,-107.219981,24.431522
1633,6,CULIACAN,19,6,MIXTA,3,-107.197745,24.421635
1634,6,CULIACAN,19,6,URBANA,2,-107.219635,24.427653
1635,6,CULIACAN,19,6,URBANA,2,-107.223269,24.4232
1636,6,CULIACAN,18,6,MIXTA,3,-107.269792,24.436582
1637,6,CULIACAN,19,6,URBANA,2,-107.219526,24.423511
1638,6,CULIACAN,19,6,MIXTA,3,-107.215752,24.417602
1639,19,ELDORADO,18,6,RURAL,4,-107.306277,24.418028
1640,19,ELDORADO,18,6,RURAL,4,-107.33147,24.421723
1641,19,ELDORADO,18,6,RURAL,4,-107.341216,24.399785
1642,19,ELDORADO,18,6,RURAL,4,-107.403728,24.428292
1643,19,ELDORADO,18,6,RURAL,4,-107.357181,24.363354
1644,19,ELDORADO,18,6,URBANA,2,-107.334646,24.380214
1645,19,ELDORADO,18,6,URBANA,2,-107.32943,24.384912
1646,6,CULIACAN,18,6,RURAL,4,-107.273692,24.388601
1647,6,CULIACAN,19,6,URBANA,2,-107.190009,24.404709
1648,6,CULIACAN,19,6,MIXTA,3,-107.182781,24.401063
1649,6,CULIACAN,19,6,URBANA,2,-107.228851,24.379183
1650,6,CULIACAN,19,6,MIXTA,3,-107.204558,24.376362
1651,6,CULIACAN,19,6,RURAL,4,-107.123884,24.399064
1652,6,CULIACAN,19,6,RURAL,4,-107.066576,24.374786
1653,6,CULIACAN,19,6,URBANA,2,-107.172926,24.394415
1654,6,CULIACAN,19,6,URBANA,2,-107.170752,24.402504
1655,6,CULIACAN,18,6,URBANA,2,-107.26735,24.375388
1656,6,CULIACAN,18,6,MIXTA,3,-107.277688,24.361829
1657,6,CULIACAN,18,6,URBANA,2,-107.263199,24.373505
1658,6,CULIACAN,18,6,RURAL,4,-107.3097,24.373219
1659,19,ELDORADO,18,6,RURAL,4,-107.347026,24.366916
1660,19,ELDORADO,18,6,URBANA,2,-107.546805,24.380751
1661,19,ELDORADO,18,6,URBANA,2,-107.536258,24.373292
1662,19,ELDORADO,18,6,MIXTA,3,-107.585828,24.387418
1663,19,ELDORADO,18,6,RURAL,4,-107.403982,24.354611
1664,19,ELDORADO,18,6,RURAL,4,-107.337313,24.34241
1665,6,CULIACAN,19,6,RURAL,4,-107.06887,24.341855
1666,6,CULIACAN,19,6,RURAL,4,-107.09077,24.30466
1667,19,ELDORADO,18,6,RURAL,4,-107.30817,24.331654
1668,19,ELDORADO,18,6,URBANA,2,-107.303122,24.348766
1669,19,ELDORADO,18,6,URBANA,2,-107.309429,24.342753
1670,19,ELDORADO,18,6,RURAL,4,-107.34832,24.340853
1671,19,ELDORADO,18,6,URBANA,2,-107.378642,24.327911
1672,19,ELDORADO,18,6,URBANA,2,-107.365767,24.329654
1673,19,ELDORADO,18,6,URBANA,2,-107.360851,24.327884
1674,19,ELDORADO,18,6,URBANA,2,-107.357664,24.327249
1675,19,ELDORADO,18,6,URBANA,2,-107.354157,24.325919
1676,19,ELDORADO,18,6,URBANA,2,-107.349827,24.327858
1677,19,ELDORADO,18,6,URBANA,2,-107.351643,24.323445
1678,19,ELDORADO,18,6,URBANA,2,-107.361946,24.325897
1679,19,ELDORADO,18,6,URBANA,2,-107.374849,24.323939
1680,19,ELDORADO,18,6,URBANA,2,-107.368817,24.324665
1681,19,ELDORADO,18,6,URBANA,2,-107.36618,24.323685
1682,19,ELDORADO,18,6,URBANA,2,-107.360331,24.322893
1683,19,ELDORADO,18,6,URBANA,2,-107.356341,24.319996
1684,19,ELDORADO,18,6,URBANA,2,-107.360597,24.31991
1685,19,ELDORADO,18,6,URBANA,2,-107.362548,24.321038
1686,19,ELDORADO,18,6,URBANA,2,-107.364391,24.322272
1687,19,ELDORADO,18,6,URBANA,2,-107.370054,24.319075
1688,19,ELDORADO,18,6,MIXTA,3,-107.425309,24.299844
1689,19,ELDORADO,18,6,URBANA,2,-107.369648,24.31547
1690,19,ELDORADO,18,6,URBANA,2,-107.358853,24.317088
1691,19,ELDORADO,18,6,URBANA,2,-107.362911,24.31263
1692,19,ELDORADO,18,6,URBANA,2,-107.362528,24.315821
1693,19,ELDORADO,18,6,URBANA,2,-107.273084,24.297879
1694,19,ELDORADO,18,6,URBANA,2,-107.275364,24.304848
1695,19,ELDORADO,18,6,URBANA,2,-107.269285,24.302085
1696,6,CULIACAN,19,6,MIXTA,3,-107.176098,24.286802
1697,6,CULIACAN,19,6,MIXTA,3,-107.166933,24.324974
1698,6,CULIACAN,19,6,URBANA,2,-107.153366,24.297257
1699,6,CULIACAN,19,6,URBANA,2,-107.150797,24.292277
1700,6,CULIACAN,19,6,URBANA,2,-107.151303,24.288553
1701,6,CULIACAN,19,6,URBANA,2,-107.146717,24.289322
1702,6,CULIACAN,19,6,RURAL,4,-107.132654,24.286362
1703,6,CULIACAN,19,6,MIXTA,3,-107.095157,24.244072
1704,6,CULIACAN,19,6,MIXTA,3,-107.022837,24.276713
1706,6,CULIACAN,19,6,RURAL,4,-106.993933,24.207352
1707,6,CULIACAN,19,6,RURAL,4,-107.051527,24.16499
1708,6,CULIACAN,19,6,RURAL,4,-107.167706,24.222296
1709,6,CULIACAN,18,6,MIXTA,3,-107.214306,24.28854
1710,6,CULIACAN,18,6,MIXTA,3,-107.200135,24.259384
1711,6,CULIACAN,18,6,RURAL,4,-107.257254,24.231302
1712,19,ELDORADO,18,6,RURAL,4,-107.251399,24.324948
1713,19,ELDORADO,18,6,RURAL,4,-107.300421,24.266212
1714,19,ELDORADO,18,6,MIXTA,3,-107.364016,24.275277
1715,19,ELDORADO,18,6,MIXTA,3,-107.336942,24.319241
1716,6,CULIACAN,18,6,RURAL,4,-107.208164,24.235787
1718,6,CULIACAN,18,6,RURAL,4,-107.22183,24.210265
1719,6,CULIACAN,19,6,RURAL,4,-107.158968,24.197959
1720,6,CULIACAN,19,6,RURAL,4,-107.103084,24.179436
1721,6,CULIACAN,19,6,RURAL,4,-107.099476,24.138246
1722,6,CULIACAN,19,6,RURAL,4,-107.125876,24.146865
1723,6,CULIACAN,19,6,RURAL,4,-107.150411,24.168143
1724,6,CULIACAN,18,6,RURAL,4,-107.266846,24.173942
1725,6,CULIACAN,19,6,RURAL,4,-107.121882,24.098629
1726,7,CHOIX,1,4,MIXTA,3,-108.324151,26.752208
1727,7,CHOIX,1,4,MIXTA,3,-108.302232,26.739778
1728,7,CHOIX,1,4,URBANA,2,-108.34012,26.715285
1729,7,CHOIX,1,4,URBANA,2,-108.334287,26.710292
1730,7,CHOIX,1,4,URBANA,2,-108.316627,26.711417
1731,7,CHOIX,1,4,URBANA,2,-108.320377,26.705269
1732,7,CHOIX,1,4,URBANA,2,-108.32391,26.706258
1733,7,CHOIX,1,4,MIXTA,3,-108.366029,26.698914
1734,7,CHOIX,1,4,URBANA,2,-108.327654,26.700407
1735,7,CHOIX,1,4,MIXTA,3,-108.299317,26.696245
1736,7,CHOIX,1,4,RURAL,4,-108.405537,26.962177
1737,7,CHOIX,1,4,RURAL,4,-108.288842,26.984952
1740,7,CHOIX,1,4,RURAL,4,-108.437794,26.873788
1741,7,CHOIX,1,4,RURAL,4,-108.430986,26.921017
1742,7,CHOIX,1,4,RURAL,4,-108.335049,26.878665
1743,7,CHOIX,1,4,RURAL,4,-108.250292,26.883224
1744,7,CHOIX,1,4,RURAL,4,-108.237714,26.838392
1745,7,CHOIX,1,4,RURAL,4,-108.485999,26.839942
1746,7,CHOIX,1,4,RURAL,4,-108.583982,26.72196
1748,7,CHOIX,1,4,RURAL,4,-108.517723,26.735369
1749,7,CHOIX,1,4,RURAL,4,-108.507131,26.776003
1750,7,CHOIX,1,4,RURAL,4,-108.500743,26.805095
1751,7,CHOIX,1,4,RURAL,4,-108.438302,26.776142
1752,7,CHOIX,1,4,RURAL,4,-108.119238,26.846517
1753,7,CHOIX,1,4,RURAL,4,-108.087029,26.774568
1754,7,CHOIX,1,4,RURAL,4,-108.186393,26.787005
1755,7,CHOIX,1,4,RURAL,4,-108.258369,26.767782
1756,7,CHOIX,1,4,RURAL,4,-108.333003,26.798682
1757,7,CHOIX,1,4,RURAL,4,-108.410893,26.771644
1758,7,CHOIX,1,4,RURAL,4,-108.411416,26.730874
1759,7,CHOIX,1,4,RURAL,4,-108.45956,26.738764
1761,7,CHOIX,1,4,RURAL,4,-108.594675,26.651844
1762,7,CHOIX,1,4,RURAL,4,-108.486802,26.669236
1763,7,CHOIX,1,4,RURAL,4,-108.390531,26.73925
1764,7,CHOIX,1,4,RURAL,4,-108.209162,26.736671
1765,7,CHOIX,1,4,RURAL,4,-108.06874,26.726003
1766,7,CHOIX,1,4,RURAL,4,-108.077552,26.579748
1767,7,CHOIX,1,4,RURAL,4,-108.076311,26.689434
1768,7,CHOIX,1,4,RURAL,4,-108.20376,26.68983
1769,7,CHOIX,1,4,URBANA,2,-108.393594,26.6878
1770,7,CHOIX,1,4,RURAL,4,-108.416986,26.705642
1771,7,CHOIX,1,4,MIXTA,3,-108.441839,26.681116
1772,7,CHOIX,1,4,URBANA,2,-108.456354,26.672309
1773,7,CHOIX,1,4,RURAL,4,-108.466109,26.636103
1774,7,CHOIX,1,4,RURAL,4,-108.410832,26.581014
1775,7,CHOIX,1,4,MIXTA,3,-108.405339,26.618912
1776,7,CHOIX,1,4,MIXTA,3,-108.359321,26.615684
1777,7,CHOIX,1,4,RURAL,4,-108.353743,26.655708
1778,7,CHOIX,1,4,RURAL,4,-108.323294,26.634955
1779,7,CHOIX,1,4,RURAL,4,-108.285722,26.642265
1780,7,CHOIX,1,4,RURAL,4,-108.173696,26.640237
1781,7,CHOIX,1,4,RURAL,4,-108.08626,26.643499
1782,7,CHOIX,1,4,RURAL,4,-108.051758,26.501458
1783,7,CHOIX,1,4,RURAL,4,-108.186625,26.505505
1784,7,CHOIX,1,4,RURAL,4,-108.222236,26.58069
1785,7,CHOIX,1,4,RURAL,4,-108.337991,26.591656
1786,7,CHOIX,1,4,RURAL,4,-108.410559,26.560517
1787,7,CHOIX,1,4,URBANA,2,-108.335806,26.552865
1788,7,CHOIX,1,4,URBANA,2,-108.346987,26.534346
1789,7,CHOIX,1,4,URBANA,2,-108.349464,26.528414
1790,7,CHOIX,1,4,RURAL,4,-108.246789,26.551056
1791,7,CHOIX,1,4,RURAL,4,-108.125269,26.517217
1792,7,CHOIX,1,4,RURAL,4,-108.090567,26.432184
1793,7,CHOIX,1,4,RURAL,4,-108.269718,26.511215
1794,7,CHOIX,1,4,RURAL,4,-108.386175,26.533902
1795,7,CHOIX,1,4,RURAL,4,-108.397147,26.505217
1796,7,CHOIX,1,4,RURAL,4,-108.323705,26.504894
1797,7,CHOIX,1,4,RURAL,4,-108.157389,26.368196
1798,7,CHOIX,1,4,RURAL,4,-108.275512,26.413836
1799,8,ELOTA,19,6,URBANA,2,-106.886044,23.935521
1800,8,ELOTA,19,6,MIXTA,3,-106.873262,23.907657
1801,8,ELOTA,19,6,URBANA,2,-106.886081,23.924122
1802,8,ELOTA,19,6,URBANA,2,-106.882565,23.922423
1803,8,ELOTA,19,6,URBANA,2,-106.889572,23.918756
1804,8,ELOTA,19,6,URBANA,2,-106.894845,23.925091
1805,8,ELOTA,19,6,URBANA,2,-106.896027,23.923199
1806,8,ELOTA,19,6,URBANA,2,-106.889036,23.915341
1807,8,ELOTA,19,6,URBANA,2,-106.890914,23.911495
1808,8,ELOTA,19,6,URBANA,2,-106.892208,23.914767
1809,8,ELOTA,19,6,URBANA,2,-106.893419,23.916214
1810,8,ELOTA,19,6,URBANA,2,-106.894873,23.917863
1811,8,ELOTA,19,6,URBANA,2,-106.901021,23.925035
1812,8,ELOTA,19,6,URBANA,2,-106.902535,23.919469
1813,8,ELOTA,19,6,URBANA,2,-106.897646,23.915304
1814,8,ELOTA,19,6,URBANA,2,-106.896208,23.909687
1815,8,ELOTA,19,6,RURAL,4,-106.892061,24.211304
1816,8,ELOTA,19,6,RURAL,4,-106.823225,24.249
1817,8,ELOTA,19,6,RURAL,4,-106.753981,24.247314
1818,8,ELOTA,19,6,RURAL,4,-106.682767,24.19449
1820,8,ELOTA,19,6,RURAL,4,-106.752491,24.133955
1821,8,ELOTA,19,6,RURAL,4,-106.810876,24.101557
1822,8,ELOTA,19,6,URBANA,2,-106.879446,24.119719
1823,8,ELOTA,19,6,MIXTA,3,-106.899309,24.098382
1824,8,ELOTA,19,6,MIXTA,3,-106.870867,24.140309
1825,8,ELOTA,19,6,RURAL,4,-106.916387,24.116883
1826,8,ELOTA,19,6,RURAL,4,-106.940396,24.166354
1827,8,ELOTA,19,6,RURAL,4,-107.007713,24.122097
1828,8,ELOTA,19,6,RURAL,4,-107.051922,24.077741
1829,8,ELOTA,19,6,RURAL,4,-106.957822,24.101915
1830,8,ELOTA,19,6,RURAL,4,-106.871905,24.075061
1831,8,ELOTA,19,6,RURAL,4,-106.771216,24.068357
1832,8,ELOTA,19,6,RURAL,4,-106.672893,24.092002
1833,8,ELOTA,19,6,RURAL,4,-106.712486,24.03585
1834,8,ELOTA,19,6,RURAL,4,-106.776782,24.028593
1835,8,ELOTA,19,6,RURAL,4,-106.931246,24.053403
1836,8,ELOTA,19,6,URBANA,2,-106.994008,24.073268
1837,8,ELOTA,19,6,URBANA,2,-107.029712,24.047322
1838,8,ELOTA,19,6,RURAL,4,-107.064194,24.029502
1839,8,ELOTA,19,6,RURAL,4,-107.025906,23.995778
1840,8,ELOTA,19,6,URBANA,2,-106.976027,24.024104
1841,8,ELOTA,19,6,MIXTA,3,-106.954042,24.024979
1842,8,ELOTA,19,6,URBANA,2,-106.980146,24.01755
1843,8,ELOTA,19,6,RURAL,4,-106.935196,24.01249
1844,8,ELOTA,19,6,RURAL,4,-106.863433,24.037824
1845,8,ELOTA,19,6,RURAL,4,-106.871094,23.981364
1846,8,ELOTA,19,6,RURAL,4,-106.816306,24.014197
1847,8,ELOTA,19,6,RURAL,4,-106.724382,23.968951
1849,8,ELOTA,19,6,RURAL,4,-106.779457,23.926065
1850,8,ELOTA,19,6,URBANA,2,-106.957891,23.99266
1851,8,ELOTA,19,6,URBANA,2,-106.951658,23.988329
1852,8,ELOTA,19,6,RURAL,4,-106.968967,23.955589
1853,8,ELOTA,19,6,MIXTA,3,-106.916997,23.906632
1854,8,ELOTA,19,6,RURAL,4,-106.875745,23.875392
1855,8,ELOTA,19,6,RURAL,4,-106.838129,23.893139
1856,8,ELOTA,19,6,RURAL,4,-106.822579,23.934837
1857,8,ELOTA,19,6,RURAL,4,-106.730108,23.89069
1858,8,ELOTA,19,6,RURAL,4,-106.819586,23.867049
1859,8,ELOTA,19,6,RURAL,4,-106.827125,23.819418
1860,9,ESCUINAPA,24,1,URBANA,2,-105.791263,22.847378
1861,9,ESCUINAPA,24,1,MIXTA,3,-105.742731,22.873979
1862,9,ESCUINAPA,24,1,URBANA,2,-105.781669,22.841708
1863,9,ESCUINAPA,24,1,URBANA,2,-105.779223,22.843963
1864,9,ESCUINAPA,24,1,URBANA,2,-105.773119,22.844505
1865,9,ESCUINAPA,24,1,URBANA,2,-105.76898,22.842092
1866,9,ESCUINAPA,24,1,URBANA,2,-105.777763,22.840396
1867,9,ESCUINAPA,24,1,URBANA,2,-105.780741,22.839109
1868,9,ESCUINAPA,24,1,URBANA,2,-105.784546,22.836577
1869,9,ESCUINAPA,24,1,URBANA,2,-105.781081,22.836301
1870,9,ESCUINAPA,24,1,URBANA,2,-105.7784,22.836642
1871,9,ESCUINAPA,24,1,URBANA,2,-105.776491,22.837992
1872,9,ESCUINAPA,24,1,URBANA,2,-105.775203,22.838394
1873,9,ESCUINAPA,24,1,URBANA,2,-105.773275,22.839889
1874,9,ESCUINAPA,24,1,URBANA,2,-105.772816,22.838353
1875,9,ESCUINAPA,24,1,URBANA,2,-105.773406,22.836561
1876,9,ESCUINAPA,24,1,MIXTA,3,-105.670975,22.830036
1877,9,ESCUINAPA,24,1,URBANA,2,-105.769155,22.835013
1878,9,ESCUINAPA,24,1,URBANA,2,-105.773741,22.83462
1879,9,ESCUINAPA,24,1,URBANA,2,-105.776167,22.834296
1880,9,ESCUINAPA,24,1,URBANA,2,-105.77827,22.833779
1881,9,ESCUINAPA,24,1,URBANA,2,-105.779962,22.833411
1882,9,ESCUINAPA,24,1,URBANA,2,-105.781712,22.833095
1883,9,ESCUINAPA,24,1,URBANA,2,-105.788518,22.832385
1884,9,ESCUINAPA,24,1,MIXTA,3,-105.834884,22.821879
1885,9,ESCUINAPA,24,1,URBANA,2,-105.78082,22.828809
1886,9,ESCUINAPA,24,1,URBANA,2,-105.779247,22.829466
1887,9,ESCUINAPA,24,1,URBANA,2,-105.777748,22.831382
1888,9,ESCUINAPA,24,1,URBANA,2,-105.775887,22.831891
1889,9,ESCUINAPA,24,1,URBANA,2,-105.77287,22.83284
1890,9,ESCUINAPA,24,1,URBANA,2,-105.767693,22.833981
1891,9,ESCUINAPA,24,1,URBANA,2,-105.771136,22.831494
1892,9,ESCUINAPA,24,1,URBANA,2,-105.772451,22.829004
1893,9,ESCUINAPA,24,1,URBANA,2,-105.776968,22.827794
1894,9,ESCUINAPA,24,1,URBANA,2,-105.779307,22.822364
1895,9,ESCUINAPA,24,1,MIXTA,3,-105.78369,22.798072
1896,9,ESCUINAPA,24,1,RURAL,4,-105.895822,22.779854
1897,9,ESCUINAPA,24,1,RURAL,4,-105.807666,22.86189
1900,9,ESCUINAPA,24,1,RURAL,4,-105.631817,22.733407
1901,9,ESCUINAPA,24,1,RURAL,4,-105.698511,22.698715
1902,9,ESCUINAPA,24,1,RURAL,4,-105.830353,22.734588
1903,9,ESCUINAPA,24,1,MIXTA,3,-105.874822,22.720642
1904,9,ESCUINAPA,24,1,MIXTA,3,-105.810145,22.696947
1905,9,ESCUINAPA,24,1,RURAL,4,-105.584396,22.766662
1906,9,ESCUINAPA,24,1,RURAL,4,-105.58364,22.681952
1907,9,ESCUINAPA,24,1,RURAL,4,-105.484426,22.609527
1908,9,ESCUINAPA,24,1,URBANA,2,-105.611259,22.635308
1909,9,ESCUINAPA,24,1,MIXTA,3,-105.556573,22.620528
1910,9,ESCUINAPA,24,1,URBANA,2,-105.608409,22.599448
1911,9,ESCUINAPA,24,1,MIXTA,3,-105.795437,22.642102
1912,9,ESCUINAPA,24,1,MIXTA,3,-105.746288,22.652128
1913,9,ESCUINAPA,24,1,MIXTA,3,-105.735379,22.594546
1914,9,ESCUINAPA,24,1,MIXTA,3,-105.745815,22.55102
1915,9,ESCUINAPA,24,1,URBANA,2,-105.736911,22.54489
1916,9,ESCUINAPA,24,1,URBANA,2,-105.73587,22.541889
1917,9,ESCUINAPA,24,1,URBANA,2,-105.731192,22.540742
1918,9,ESCUINAPA,24,1,MIXTA,3,-105.706824,22.51618
1919,9,ESCUINAPA,24,1,URBANA,2,-105.740543,22.535968
1920,9,ESCUINAPA,24,1,URBANA,2,-105.47443,22.529181
1921,9,ESCUINAPA,24,1,URBANA,2,-105.451146,22.529986
1922,9,ESCUINAPA,24,1,MIXTA,3,-105.507517,22.553363
1923,9,ESCUINAPA,24,1,RURAL,4,-105.476826,22.51592
1924,9,ESCUINAPA,24,1,RURAL,4,-105.525313,22.53488
1925,10,EL FUERTE,1,4,URBANA,2,-108.628526,26.412581
1926,10,EL FUERTE,1,4,URBANA,2,-108.62313,26.416567
1927,10,EL FUERTE,1,4,URBANA,2,-108.622274,26.418951
1928,10,EL FUERTE,1,4,URBANA,2,-108.62062,26.422408
1929,10,EL FUERTE,1,4,MIXTA,3,-108.598898,26.411391
1930,10,EL FUERTE,1,4,URBANA,2,-108.612651,26.425284
1931,10,EL FUERTE,1,4,URBANA,2,-108.619136,26.41921
1932,10,EL FUERTE,1,4,URBANA,2,-108.62614,26.411439
1933,10,EL FUERTE,1,4,URBANA,2,-108.623126,26.411373
1934,10,EL FUERTE,1,4,MIXTA,3,-108.631526,26.395845
1935,10,EL FUERTE,1,4,URBANA,2,-108.619593,26.414705
1936,10,EL FUERTE,1,4,URBANA,2,-108.618082,26.415463
1937,10,EL FUERTE,1,4,URBANA,2,-108.616464,26.41793
1938,10,EL FUERTE,1,4,URBANA,2,-108.609689,26.422219
1939,10,EL FUERTE,1,4,URBANA,2,-108.614434,26.417108
1940,10,EL FUERTE,1,4,URBANA,2,-108.616175,26.414507
1941,10,EL FUERTE,1,4,URBANA,2,-108.610568,26.410049
1942,10,EL FUERTE,1,4,URBANA,2,-108.607693,26.414985
1943,10,EL FUERTE,1,4,RURAL,4,-108.495188,26.597622
1944,10,EL FUERTE,1,4,RURAL,4,-108.430547,26.596232
1945,10,EL FUERTE,1,4,RURAL,4,-108.453244,26.573172
1946,10,EL FUERTE,1,4,RURAL,4,-108.472129,26.542333
1948,10,EL FUERTE,1,4,RURAL,4,-108.463296,26.496931
1949,10,EL FUERTE,1,4,RURAL,4,-108.578727,26.501415
1951,10,EL FUERTE,1,4,RURAL,4,-108.65483,26.559904
1952,10,EL FUERTE,1,4,RURAL,4,-108.773986,26.470012
1953,10,EL FUERTE,1,4,RURAL,4,-108.641657,26.442967
1954,10,EL FUERTE,1,4,RURAL,4,-108.58761,26.44841
1955,10,EL FUERTE,1,4,URBANA,2,-108.532775,26.421963
1956,10,EL FUERTE,1,4,MIXTA,3,-108.505807,26.428678
1957,10,EL FUERTE,1,4,MIXTA,3,-108.534947,26.470645
1960,10,EL FUERTE,1,4,MIXTA,3,-108.369797,26.429208
1961,10,EL FUERTE,1,4,MIXTA,3,-108.372123,26.387493
1962,10,EL FUERTE,1,4,URBANA,2,-108.36363,26.38699
1963,10,EL FUERTE,1,4,RURAL,4,-108.42154,26.265098
1965,10,EL FUERTE,1,4,RURAL,4,-108.449548,26.363941
1966,10,EL FUERTE,1,4,MIXTA,3,-108.465119,26.41869
1967,10,EL FUERTE,1,4,URBANA,2,-108.493077,26.384333
1969,10,EL FUERTE,1,4,RURAL,4,-108.586833,26.360894
1970,10,EL FUERTE,1,4,RURAL,4,-108.637182,26.360946
1971,10,EL FUERTE,1,4,MIXTA,3,-108.645526,26.4066
1972,10,EL FUERTE,1,4,MIXTA,3,-108.649586,26.390625
1973,10,EL FUERTE,1,4,RURAL,4,-108.68375,26.397407
1974,10,EL FUERTE,1,4,RURAL,4,-108.721832,26.406154
1976,10,EL FUERTE,1,4,RURAL,4,-108.89578,26.420793
1977,10,EL FUERTE,1,4,RURAL,4,-108.748912,26.32359
1978,10,EL FUERTE,1,4,RURAL,4,-108.736173,26.346243
1979,10,EL FUERTE,1,4,RURAL,4,-108.736013,26.358265
1980,10,EL FUERTE,1,4,RURAL,4,-108.79637,26.370278
1981,10,EL FUERTE,1,4,RURAL,4,-108.697301,26.365271
1982,10,EL FUERTE,1,4,RURAL,4,-108.664924,26.368261
1983,10,EL FUERTE,1,4,RURAL,4,-108.532945,26.368893
1985,10,EL FUERTE,1,4,RURAL,4,-108.293381,26.292776
1986,10,EL FUERTE,1,4,RURAL,4,-108.602391,26.205408
1987,10,EL FUERTE,1,4,RURAL,4,-108.555078,26.274125
1988,10,EL FUERTE,1,4,RURAL,4,-108.702319,26.333568
1989,10,EL FUERTE,1,4,MIXTA,3,-108.69014,26.306323
1990,10,EL FUERTE,1,4,MIXTA,3,-108.747761,26.291106
1991,10,EL FUERTE,1,4,RURAL,4,-108.767063,26.305665
1992,10,EL FUERTE,1,4,RURAL,4,-108.796611,26.321881
1993,10,EL FUERTE,1,4,RURAL,4,-108.851431,26.327163
1994,10,EL FUERTE,1,4,RURAL,4,-108.878558,26.272716
1995,10,EL FUERTE,1,4,RURAL,4,-108.840484,26.277832
1996,10,EL FUERTE,1,4,RURAL,4,-108.801274,26.289637
1997,10,EL FUERTE,1,4,RURAL,4,-108.702783,26.254758
1998,10,EL FUERTE,1,4,RURAL,4,-108.738609,26.261564
1999,10,EL FUERTE,1,4,RURAL,4,-108.528389,26.153133
2000,10,EL FUERTE,1,4,RURAL,4,-108.739772,26.220722
2001,10,EL FUERTE,1,4,RURAL,4,-108.794646,26.248757
2002,10,EL FUERTE,1,4,RURAL,4,-108.774516,26.2357
2003,10,EL FUERTE,1,4,RURAL,4,-108.802338,26.212848
2004,10,EL FUERTE,1,4,RURAL,4,-108.924675,26.259974
2005,10,EL FUERTE,1,4,URBANA,2,-108.946187,26.197849
2006,10,EL FUERTE,1,4,URBANA,2,-108.950335,26.232873
2007,10,EL FUERTE,1,4,URBANA,2,-108.943512,26.229305
2008,10,EL FUERTE,1,4,URBANA,2,-108.957334,26.228964
2009,10,EL FUERTE,1,4,URBANA,2,-108.957835,26.226548
2010,10,EL FUERTE,1,4,URBANA,2,-108.951454,26.224786
2011,10,EL FUERTE,1,4,URBANA,2,-108.952163,26.222127
2012,10,EL FUERTE,1,4,MIXTA,3,-108.983626,26.178607
2013,10,EL FUERTE,1,4,RURAL,4,-108.783114,26.198603
2014,10,EL FUERTE,1,4,RURAL,4,-108.691198,26.184013
2015,10,EL FUERTE,1,4,RURAL,4,-108.753413,26.193674
2016,10,EL FUERTE,1,4,RURAL,4,-108.863215,26.174481
2017,10,EL FUERTE,1,4,RURAL,4,-108.765135,26.15889
2018,10,EL FUERTE,1,4,RURAL,4,-108.76248,26.155928
2019,10,EL FUERTE,1,4,RURAL,4,-108.728594,26.146562
2020,10,EL FUERTE,1,4,RURAL,4,-108.723395,26.102626
2021,10,EL FUERTE,1,4,RURAL,4,-108.772616,26.114357
2022,10,EL FUERTE,1,4,RURAL,4,-108.822192,26.095361
2023,10,EL FUERTE,1,4,URBANA,2,-108.769291,26.085119
2024,10,EL FUERTE,1,4,URBANA,2,-108.754552,26.085998
2025,10,EL FUERTE,1,4,URBANA,2,-108.757962,26.083456
2026,10,EL FUERTE,1,4,URBANA,2,-108.756985,26.08133
2027,10,EL FUERTE,1,4,URBANA,2,-108.751087,26.078568
2028,10,EL FUERTE,1,4,URBANA,2,-108.755774,26.077536
2029,10,EL FUERTE,1,4,URBANA,2,-108.761421,26.080823
2030,10,EL FUERTE,1,4,URBANA,2,-108.763846,26.081664
2031,10,EL FUERTE,1,4,URBANA,2,-108.762761,26.0776
2032,10,EL FUERTE,1,4,URBANA,2,-108.754443,26.072924
2033,10,EL FUERTE,1,4,URBANA,2,-108.765049,26.074819
2034,10,EL FUERTE,1,4,URBANA,2,-108.774622,26.071709
2035,10,EL FUERTE,1,4,URBANA,2,-108.771679,26.07748
2036,10,EL FUERTE,1,4,RURAL,4,-108.730727,26.032891
2037,10,EL FUERTE,1,4,RURAL,4,-108.646316,26.068521
2039,10,EL FUERTE,1,4,RURAL,4,-108.762558,26.050473
2040,10,EL FUERTE,1,4,RURAL,4,-108.787021,26.063074
2041,10,EL FUERTE,1,4,MIXTA,3,-108.803204,26.052847
2042,10,EL FUERTE,1,4,URBANA,2,-108.79532,26.05118
2043,10,EL FUERTE,1,4,URBANA,2,-108.79781,26.048445
2044,10,EL FUERTE,1,4,MIXTA,3,-108.791597,26.042655
2045,10,EL FUERTE,1,4,RURAL,4,-108.877795,26.021934
2046,10,EL FUERTE,1,4,RURAL,4,-108.892394,26.08613
2047,10,EL FUERTE,1,4,MIXTA,3,-108.827448,26.036896
2048,10,EL FUERTE,1,4,MIXTA,3,-108.806962,26.027801
2049,10,EL FUERTE,1,4,MIXTA,3,-108.847465,26.020733
2050,10,EL FUERTE,1,4,URBANA,2,-108.833083,26.013144
2051,10,EL FUERTE,1,4,RURAL,4,-108.682039,25.944348
2052,10,EL FUERTE,1,4,RURAL,4,-108.742825,25.954887
2053,10,EL FUERTE,1,4,RURAL,4,-108.815864,26.016747
2054,10,EL FUERTE,1,4,RURAL,4,-108.794496,25.98062
2055,10,EL FUERTE,1,4,RURAL,4,-108.84598,25.993797
2056,10,EL FUERTE,1,4,RURAL,4,-108.832879,26.00122
2057,10,EL FUERTE,1,4,RURAL,4,-108.935217,26.039013
2058,10,EL FUERTE,1,4,RURAL,4,-108.85069,25.992007
2059,10,EL FUERTE,1,4,RURAL,4,-108.858844,25.986357
2060,10,EL FUERTE,1,4,RURAL,4,-108.881113,25.998417
2061,10,EL FUERTE,1,4,URBANA,2,-108.864429,25.973307
2062,10,EL FUERTE,1,4,URBANA,2,-108.8758,25.972492
2063,10,EL FUERTE,1,4,RURAL,4,-108.891403,25.976514
2064,10,EL FUERTE,1,4,RURAL,4,-108.942094,25.992581
2065,10,EL FUERTE,1,4,MIXTA,3,-108.911059,25.97582
2066,10,EL FUERTE,1,4,URBANA,2,-108.901936,25.967955
2067,10,EL FUERTE,1,4,URBANA,2,-108.898051,25.965876
2068,10,EL FUERTE,1,4,URBANA,2,-108.905813,25.95998
2069,10,EL FUERTE,1,4,MIXTA,3,-108.880146,25.945802
2070,10,EL FUERTE,1,4,URBANA,2,-108.893014,25.962809
2071,10,EL FUERTE,1,4,RURAL,4,-108.842243,25.930809
2072,10,EL FUERTE,1,4,URBANA,2,-108.927936,25.953876
2073,10,EL FUERTE,1,4,MIXTA,3,-108.915723,25.947741
2074,10,EL FUERTE,1,4,URBANA,2,-108.929348,25.949959
2075,10,EL FUERTE,1,4,URBANA,2,-108.935179,25.947213
2076,10,EL FUERTE,1,4,MIXTA,3,-108.933479,25.957739
2077,10,EL FUERTE,1,4,RURAL,4,-108.950975,25.971649
2078,10,EL FUERTE,1,4,RURAL,4,-108.966377,25.967391
2079,10,EL FUERTE,1,4,MIXTA,3,-108.972488,25.941863
2080,10,EL FUERTE,1,4,URBANA,2,-108.977029,25.957618
2081,10,EL FUERTE,1,4,RURAL,4,-108.981701,25.99713
2082,10,EL FUERTE,1,4,URBANA,2,-108.930717,25.942668
2083,10,EL FUERTE,1,4,URBANA,2,-108.926455,25.941424
2084,10,EL FUERTE,1,4,RURAL,4,-108.757257,25.920155
2085,20,JUAN JOSE RIOS,1,4,URBANA,2,-108.723075,25.910999
2086,20,JUAN JOSE RIOS,1,4,MIXTA,3,-108.776432,25.858075
2087,20,JUAN JOSE RIOS,1,4,RURAL,4,-108.690351,25.880873
2088,10,EL FUERTE,1,4,RURAL,4,-108.800866,25.915735
2089,10,EL FUERTE,1,4,RURAL,4,-108.820431,25.875818
2090,10,EL FUERTE,1,4,RURAL,4,-108.894828,25.913815
2091,10,EL FUERTE,1,4,MIXTA,3,-108.949523,25.919433
2092,10,EL FUERTE,1,4,MIXTA,3,-108.923319,25.927148
2093,10,EL FUERTE,1,4,URBANA,2,-108.933908,25.9137
2094,10,EL FUERTE,1,4,RURAL,4,-108.974083,25.92184
2095,10,EL FUERTE,1,4,RURAL,4,-108.947576,25.932195
2096,10,EL FUERTE,1,4,RURAL,4,-108.941349,25.907554
2097,10,EL FUERTE,1,4,RURAL,4,-108.96229,25.89205
2098,10,EL FUERTE,1,4,RURAL,4,-108.901902,25.856172
2099,10,EL FUERTE,1,4,RURAL,4,-108.880216,25.874583
2100,10,EL FUERTE,1,4,RURAL,4,-108.864921,25.840296
2101,11,GUASAVE,7,4,MIXTA,3,-108.467045,25.595738
2102,11,GUASAVE,8,4,URBANA,2,-108.461279,25.589866
2103,11,GUASAVE,8,4,URBANA,2,-108.457303,25.589325
2104,11,GUASAVE,8,4,URBANA,2,-108.455783,25.587497
2105,11,GUASAVE,8,4,URBANA,2,-108.455019,25.584746
2106,11,GUASAVE,8,4,URBANA,2,-108.458568,25.585292
2107,11,GUASAVE,8,4,URBANA,2,-108.461178,25.586664
2108,11,GUASAVE,7,4,URBANA,2,-108.464539,25.588538
2109,11,GUASAVE,7,4,URBANA,2,-108.465618,25.586715
2110,11,GUASAVE,7,4,URBANA,2,-108.469405,25.589248
2111,11,GUASAVE,7,4,URBANA,2,-108.470651,25.584316
2112,11,GUASAVE,8,4,URBANA,2,-108.461283,25.583112
2113,11,GUASAVE,8,4,URBANA,2,-108.459769,25.581014
2114,11,GUASAVE,7,4,URBANA,2,-108.46097,25.577755
2115,11,GUASAVE,7,4,URBANA,2,-108.463732,25.577029
2116,11,GUASAVE,7,4,URBANA,2,-108.466557,25.577151
2117,11,GUASAVE,7,4,URBANA,2,-108.468544,25.579626
2118,11,GUASAVE,7,4,URBANA,2,-108.473371,25.578556
2119,11,GUASAVE,7,4,URBANA,2,-108.484523,25.577171
2120,11,GUASAVE,7,4,URBANA,2,-108.477177,25.575008
2121,11,GUASAVE,7,4,URBANA,2,-108.472446,25.575512
2122,11,GUASAVE,7,4,URBANA,2,-108.467869,25.573697
2123,11,GUASAVE,7,4,URBANA,2,-108.465011,25.572398
2124,11,GUASAVE,7,4,URBANA,2,-108.46268,25.574077
2125,11,GUASAVE,7,4,URBANA,2,-108.46063,25.576167
2126,11,GUASAVE,7,4,URBANA,2,-108.458311,25.575392
2127,11,GUASAVE,7,4,URBANA,2,-108.461047,25.57307
2128,11,GUASAVE,8,4,URBANA,2,-108.458422,25.571197
2129,11,GUASAVE,8,4,URBANA,2,-108.461157,25.570121
2130,11,GUASAVE,8,4,URBANA,2,-108.464111,25.569231
2131,11,GUASAVE,8,4,URBANA,2,-108.466108,25.568094
2132,11,GUASAVE,7,4,URBANA,2,-108.470916,25.570507
2133,11,GUASAVE,7,4,URBANA,2,-108.471479,25.572848
2134,11,GUASAVE,7,4,URBANA,2,-108.476238,25.571784
2135,11,GUASAVE,7,4,URBANA,2,-108.475568,25.569431
2136,11,GUASAVE,7,4,URBANA,2,-108.491425,25.569644
2137,11,GUASAVE,7,4,URBANA,2,-108.47452,25.565809
2138,11,GUASAVE,8,4,URBANA,2,-108.474026,25.563964
2139,11,GUASAVE,8,4,URBANA,2,-108.469762,25.567241
2140,11,GUASAVE,8,4,URBANA,2,-108.469175,25.56369
2141,11,GUASAVE,8,4,URBANA,2,-108.466886,25.564513
2142,11,GUASAVE,8,4,URBANA,2,-108.465066,25.564937
2143,11,GUASAVE,8,4,URBANA,2,-108.463798,25.56594
2144,11,GUASAVE,8,4,URBANA,2,-108.461877,25.566337
2145,11,GUASAVE,8,4,URBANA,2,-108.459948,25.567076
2146,11,GUASAVE,8,4,URBANA,2,-108.457869,25.568058
2147,11,GUASAVE,8,4,URBANA,2,-108.456959,25.564369
2148,11,GUASAVE,8,4,URBANA,2,-108.458822,25.564782
2149,11,GUASAVE,8,4,URBANA,2,-108.460032,25.56331
2150,11,GUASAVE,8,4,URBANA,2,-108.462855,25.562309
2151,11,GUASAVE,8,4,URBANA,2,-108.465029,25.562097
2152,11,GUASAVE,8,4,URBANA,2,-108.466591,25.561067
2153,11,GUASAVE,8,4,URBANA,2,-108.468885,25.561475
2154,11,GUASAVE,8,4,URBANA,2,-108.47385,25.561803
2156,11,GUASAVE,8,4,URBANA,2,-108.476351,25.54878
2157,11,GUASAVE,8,4,URBANA,2,-108.471541,25.558478
2158,11,GUASAVE,8,4,URBANA,2,-108.469658,25.559362
2159,11,GUASAVE,8,4,URBANA,2,-108.466199,25.558807
2160,11,GUASAVE,8,4,URBANA,2,-108.464698,25.558921
2161,11,GUASAVE,8,4,URBANA,2,-108.462112,25.559707
2162,11,GUASAVE,8,4,URBANA,2,-108.459497,25.560236
2163,11,GUASAVE,8,4,URBANA,2,-108.457108,25.562002
2164,11,GUASAVE,8,4,URBANA,2,-108.454835,25.559019
2165,11,GUASAVE,8,4,URBANA,2,-108.457369,25.559554
2166,11,GUASAVE,8,4,URBANA,2,-108.456952,25.557396
2167,11,GUASAVE,8,4,URBANA,2,-108.459648,25.557364
2168,11,GUASAVE,8,4,URBANA,2,-108.46164,25.557648
2169,11,GUASAVE,8,4,URBANA,2,-108.463608,25.556483
2170,11,GUASAVE,8,4,URBANA,2,-108.465118,25.556378
2171,11,GUASAVE,8,4,URBANA,2,-108.466599,25.557028
2172,11,GUASAVE,8,4,URBANA,2,-108.46691,25.555089
2173,11,GUASAVE,8,4,URBANA,2,-108.47007,25.556198
2174,11,GUASAVE,8,4,URBANA,2,-108.471704,25.55478
2175,11,GUASAVE,8,4,URBANA,2,-108.471816,25.551762
2176,11,GUASAVE,8,4,URBANA,2,-108.469412,25.548602
2177,11,GUASAVE,8,4,URBANA,2,-108.469501,25.553961
2178,11,GUASAVE,8,4,URBANA,2,-108.466195,25.551382
2179,11,GUASAVE,8,4,URBANA,2,-108.462293,25.551888
2180,11,GUASAVE,8,4,URBANA,2,-108.459022,25.551731
2181,11,GUASAVE,8,4,URBANA,2,-108.456189,25.555715
2182,11,GUASAVE,8,4,URBANA,2,-108.453477,25.55581
2183,11,GUASAVE,8,4,URBANA,2,-108.453227,25.553743
2184,11,GUASAVE,8,4,URBANA,2,-108.456594,25.552118
2185,11,GUASAVE,8,4,URBANA,2,-108.452681,25.551784
2186,11,GUASAVE,8,4,URBANA,2,-108.451486,25.548322
2187,20,JUAN JOSE RIOS,7,4,RURAL,4,-108.764941,25.811666
2188,20,JUAN JOSE RIOS,7,4,RURAL,4,-108.737299,25.783011
2189,20,JUAN JOSE RIOS,7,4,RURAL,4,-108.768451,25.782016
2190,20,JUAN JOSE RIOS,7,4,URBANA,2,-108.807335,25.778569
2191,20,JUAN JOSE RIOS,7,4,URBANA,2,-108.820059,25.761369
2192,20,JUAN JOSE RIOS,7,4,URBANA,2,-108.817855,25.759714
2193,20,JUAN JOSE RIOS,7,4,URBANA,2,-108.813499,25.760041
2194,20,JUAN JOSE RIOS,7,4,URBANA,2,-108.815458,25.757254
2195,20,JUAN JOSE RIOS,7,4,URBANA,2,-108.811166,25.757808
2196,20,JUAN JOSE RIOS,7,4,URBANA,2,-108.805384,25.753693
2197,20,JUAN JOSE RIOS,7,4,URBANA,2,-108.809088,25.754391
2198,20,JUAN JOSE RIOS,7,4,URBANA,2,-108.810334,25.753401
2199,20,JUAN JOSE RIOS,7,4,URBANA,2,-108.810903,25.752345
2200,20,JUAN JOSE RIOS,7,4,URBANA,2,-108.813334,25.753219
2201,20,JUAN JOSE RIOS,7,4,URBANA,2,-108.816677,25.755491
2202,20,JUAN JOSE RIOS,7,4,URBANA,2,-108.819935,25.757459
2203,20,JUAN JOSE RIOS,7,4,URBANA,2,-108.822131,25.759273
2204,20,JUAN JOSE RIOS,7,4,URBANA,2,-108.824288,25.760576
2205,20,JUAN JOSE RIOS,7,4,URBANA,2,-108.826768,25.761944
2206,20,JUAN JOSE RIOS,7,4,URBANA,2,-108.828592,25.75963
2207,20,JUAN JOSE RIOS,7,4,URBANA,2,-108.826283,25.757718
2208,20,JUAN JOSE RIOS,7,4,URBANA,2,-108.824113,25.756425
2209,20,JUAN JOSE RIOS,7,4,URBANA,2,-108.821657,25.754961
2210,20,JUAN JOSE RIOS,7,4,URBANA,2,-108.814746,25.75236
2211,20,JUAN JOSE RIOS,7,4,URBANA,2,-108.819233,25.752756
2212,20,JUAN JOSE RIOS,7,4,URBANA,2,-108.816277,25.750982
2213,20,JUAN JOSE RIOS,7,4,URBANA,2,-108.813729,25.749673
2214,20,JUAN JOSE RIOS,7,4,URBANA,2,-108.8189,25.746464
2215,20,JUAN JOSE RIOS,7,4,URBANA,2,-108.820429,25.750555
2216,20,JUAN JOSE RIOS,7,4,URBANA,2,-108.823401,25.752455
2217,20,JUAN JOSE RIOS,7,4,URBANA,2,-108.826787,25.752589
2218,20,JUAN JOSE RIOS,7,4,URBANA,2,-108.828765,25.754006
2219,20,JUAN JOSE RIOS,7,4,URBANA,2,-108.83008,25.757461
2220,20,JUAN JOSE RIOS,7,4,URBANA,2,-108.832077,25.754806
2221,20,JUAN JOSE RIOS,7,4,URBANA,2,-108.825906,25.747717
2222,20,JUAN JOSE RIOS,7,4,URBANA,2,-108.821783,25.74898
2223,20,JUAN JOSE RIOS,7,4,RURAL,4,-108.752378,25.736729
2224,11,GUASAVE,7,4,RURAL,4,-108.528313,25.718475
2225,11,GUASAVE,7,4,RURAL,4,-108.489512,25.707372
2226,11,GUASAVE,7,4,URBANA,2,-108.492923,25.747784
2227,11,GUASAVE,7,4,URBANA,2,-108.483445,25.734009
2228,11,GUASAVE,7,4,URBANA,2,-108.467394,25.73176
2229,11,GUASAVE,7,4,URBANA,2,-108.483758,25.7308
2230,11,GUASAVE,7,4,URBANA,2,-108.499107,25.730912
2231,11,GUASAVE,7,4,URBANA,2,-108.492984,25.721055
2232,11,GUASAVE,7,4,MIXTA,3,-108.471443,25.718141
2233,11,GUASAVE,7,4,RURAL,4,-108.452912,25.723485
2234,11,GUASAVE,8,4,RURAL,4,-108.36557,25.754898
2235,11,GUASAVE,8,4,URBANA,2,-108.401625,25.720238
2236,11,GUASAVE,8,4,URBANA,2,-108.397703,25.726967
2237,11,GUASAVE,8,4,URBANA,2,-108.396465,25.727931
2238,11,GUASAVE,8,4,URBANA,2,-108.399137,25.747577
2239,11,GUASAVE,8,4,RURAL,4,-108.341119,25.752273
2240,11,GUASAVE,8,4,MIXTA,3,-108.331863,25.731938
2241,11,GUASAVE,8,4,URBANA,2,-108.345787,25.734635
2242,11,GUASAVE,8,4,URBANA,2,-108.342196,25.732962
2243,11,GUASAVE,8,4,URBANA,2,-108.346098,25.731584
2244,11,GUASAVE,8,4,URBANA,2,-108.348936,25.730623
2245,11,GUASAVE,8,4,URBANA,2,-108.344852,25.727876
2246,11,GUASAVE,8,4,MIXTA,3,-108.354593,25.727811
2247,11,GUASAVE,8,4,RURAL,4,-108.314942,25.721581
2248,11,GUASAVE,8,4,URBANA,2,-108.309742,25.716072
2249,11,GUASAVE,8,4,URBANA,2,-108.305964,25.713794
2250,11,GUASAVE,8,4,URBANA,2,-108.299802,25.712611
2251,11,GUASAVE,8,4,URBANA,2,-108.308936,25.706675
2252,11,GUASAVE,8,4,URBANA,2,-108.311637,25.707795
2253,11,GUASAVE,8,4,URBANA,2,-108.31497,25.71188
2254,11,GUASAVE,8,4,MIXTA,3,-108.325065,25.704274
2255,11,GUASAVE,8,4,URBANA,2,-108.311795,25.702692
2256,11,GUASAVE,8,4,URBANA,2,-108.307097,25.699402
2257,11,GUASAVE,8,4,URBANA,2,-108.317926,25.693958
2258,11,GUASAVE,8,4,MIXTA,3,-108.357965,25.704672
2259,11,GUASAVE,8,4,URBANA,2,-108.349946,25.70757
2260,11,GUASAVE,8,4,URBANA,2,-108.345936,25.709557
2261,11,GUASAVE,8,4,MIXTA,3,-108.336568,25.707906
2262,11,GUASAVE,8,4,URBANA,2,-108.340888,25.703352
2263,11,GUASAVE,8,4,URBANA,2,-108.345351,25.701781
2264,11,GUASAVE,8,4,RURAL,4,-108.369761,25.714326
2265,11,GUASAVE,8,4,RURAL,4,-108.427548,25.71433
2266,11,GUASAVE,7,4,MIXTA,3,-108.742563,25.710216
2267,11,GUASAVE,7,4,URBANA,2,-108.725221,25.712226
2268,11,GUASAVE,7,4,URBANA,2,-108.723189,25.709787
2269,11,GUASAVE,7,4,URBANA,2,-108.72577,25.706043
2270,11,GUASAVE,7,4,URBANA,2,-108.7289,25.707807
2271,11,GUASAVE,7,4,MIXTA,3,-108.731477,25.709265
2272,11,GUASAVE,7,4,URBANA,2,-108.720397,25.708865
2273,11,GUASAVE,7,4,URBANA,2,-108.718662,25.707465
2274,11,GUASAVE,7,4,URBANA,2,-108.720984,25.705884
2275,11,GUASAVE,7,4,URBANA,2,-108.708872,25.709947
2276,11,GUASAVE,7,4,URBANA,2,-108.714646,25.704214
2277,11,GUASAVE,7,4,URBANA,2,-108.716665,25.701275
2278,11,GUASAVE,7,4,URBANA,2,-108.719745,25.702124
2279,11,GUASAVE,7,4,URBANA,2,-108.721142,25.703862
2280,11,GUASAVE,7,4,URBANA,2,-108.723019,25.704932
2281,11,GUASAVE,7,4,MIXTA,3,-108.745121,25.680855
2282,11,GUASAVE,7,4,URBANA,2,-108.717656,25.699805
2283,20,JUAN JOSE RIOS,7,4,MIXTA,3,-108.818135,25.668123
2284,20,JUAN JOSE RIOS,7,4,URBANA,2,-108.831392,25.720051
2285,20,JUAN JOSE RIOS,7,4,URBANA,2,-108.809806,25.695102
2286,20,JUAN JOSE RIOS,7,4,URBANA,2,-108.814538,25.69754
2287,20,JUAN JOSE RIOS,7,4,URBANA,2,-108.817335,25.695439
2288,20,JUAN JOSE RIOS,7,4,URBANA,2,-108.811131,25.692532
2289,11,GUASAVE,7,4,URBANA,2,-108.713797,25.696754
2290,11,GUASAVE,7,4,URBANA,2,-108.710645,25.70205
2291,11,GUASAVE,7,4,RURAL,4,-108.699301,25.699593
2292,11,GUASAVE,7,4,RURAL,4,-108.667456,25.695314
2293,11,GUASAVE,7,4,MIXTA,3,-108.661886,25.681827
2294,11,GUASAVE,7,4,MIXTA,3,-108.687532,25.67529
2295,11,GUASAVE,7,4,RURAL,4,-108.587494,25.695461
2296,11,GUASAVE,7,4,RURAL,4,-108.527444,25.683517
2297,11,GUASAVE,7,4,RURAL,4,-108.500969,25.666302
2298,11,GUASAVE,7,4,MIXTA,3,-108.453819,25.696929
2299,11,GUASAVE,7,4,MIXTA,3,-108.447201,25.67672
2300,11,GUASAVE,7,4,MIXTA,3,-108.451851,25.664219
2301,11,GUASAVE,7,4,MIXTA,3,-108.464621,25.661482
2302,11,GUASAVE,7,4,URBANA,2,-108.459207,25.653092
2303,11,GUASAVE,8,4,RURAL,4,-108.428218,25.689996
2304,11,GUASAVE,8,4,URBANA,2,-108.382109,25.681985
2305,11,GUASAVE,8,4,URBANA,2,-108.394451,25.693981
2306,11,GUASAVE,8,4,MIXTA,3,-108.338506,25.681155
2307,11,GUASAVE,8,4,URBANA,2,-108.366029,25.689142
2308,11,GUASAVE,8,4,URBANA,2,-108.360286,25.687961
2309,11,GUASAVE,8,4,URBANA,2,-108.367016,25.677918
2310,11,GUASAVE,8,4,URBANA,2,-108.368472,25.666503
2311,11,GUASAVE,8,4,RURAL,4,-108.420978,25.670467
2312,11,GUASAVE,8,4,RURAL,4,-108.372834,25.654959
2313,11,GUASAVE,8,4,RURAL,4,-108.379581,25.642655
2314,11,GUASAVE,8,4,RURAL,4,-108.316388,25.649011
2315,11,GUASAVE,8,4,RURAL,4,-108.399399,25.666508
2316,11,GUASAVE,8,4,RURAL,4,-108.433145,25.646672
2317,11,GUASAVE,8,4,RURAL,4,-108.422892,25.651759
2318,11,GUASAVE,8,4,RURAL,4,-108.433,25.636515
2319,11,GUASAVE,7,4,RURAL,4,-108.460724,25.6455
2320,11,GUASAVE,7,4,URBANA,2,-108.619271,25.668206
2321,11,GUASAVE,7,4,URBANA,2,-108.620341,25.665944
2322,11,GUASAVE,7,4,URBANA,2,-108.621513,25.664174
2323,11,GUASAVE,7,4,URBANA,2,-108.61755,25.664226
2324,11,GUASAVE,7,4,URBANA,2,-108.615279,25.661973
2325,11,GUASAVE,7,4,URBANA,2,-108.617133,25.659402
2326,11,GUASAVE,7,4,MIXTA,3,-108.618261,25.657759
2327,11,GUASAVE,7,4,URBANA,2,-108.621635,25.656071
2328,11,GUASAVE,7,4,URBANA,2,-108.626083,25.658555
2329,11,GUASAVE,7,4,URBANA,2,-108.638078,25.673462
2330,11,GUASAVE,7,4,URBANA,2,-108.63808,25.66613
2331,11,GUASAVE,7,4,URBANA,2,-108.636713,25.664774
2332,11,GUASAVE,7,4,URBANA,2,-108.634744,25.663974
2333,11,GUASAVE,7,4,URBANA,2,-108.632628,25.663307
2334,11,GUASAVE,7,4,URBANA,2,-108.633923,25.661604
2335,11,GUASAVE,7,4,URBANA,2,-108.636986,25.66293
2336,11,GUASAVE,7,4,URBANA,2,-108.641188,25.664809
2337,11,GUASAVE,7,4,URBANA,2,-108.65159,25.659555
2338,11,GUASAVE,7,4,URBANA,2,-108.637924,25.66141
2339,11,GUASAVE,7,4,URBANA,2,-108.636704,25.659776
2340,11,GUASAVE,7,4,URBANA,2,-108.643298,25.654823
2341,11,GUASAVE,7,4,RURAL,4,-108.706496,25.652662
2342,11,GUASAVE,7,4,URBANA,2,-108.631165,25.662104
2343,11,GUASAVE,7,4,MIXTA,3,-108.627642,25.662205
2344,11,GUASAVE,7,4,URBANA,2,-108.636215,25.652592
2345,11,GUASAVE,7,4,RURAL,4,-108.635476,25.658691
2346,11,GUASAVE,7,4,RURAL,4,-108.667891,25.644737
2347,11,GUASAVE,7,4,RURAL,4,-108.607587,25.659615
2348,11,GUASAVE,7,4,RURAL,4,-108.610106,25.645959
2349,11,GUASAVE,7,4,RURAL,4,-108.469713,25.635545
2350,11,GUASAVE,7,4,RURAL,4,-108.464524,25.622538
2351,11,GUASAVE,8,4,RURAL,4,-108.43596,25.623079
2352,11,GUASAVE,8,4,URBANA,2,-108.390032,25.6274
2353,11,GUASAVE,8,4,URBANA,2,-108.396596,25.622082
2354,11,GUASAVE,8,4,URBANA,2,-108.400057,25.625601
2355,11,GUASAVE,8,4,URBANA,2,-108.41038,25.627538
2356,11,GUASAVE,8,4,URBANA,2,-108.400616,25.620706
2357,11,GUASAVE,8,4,RURAL,4,-108.350105,25.645719
2358,11,GUASAVE,8,4,RURAL,4,-108.28569,25.637816
2359,11,GUASAVE,8,4,MIXTA,3,-108.249195,25.599153
2360,11,GUASAVE,8,4,URBANA,2,-108.221125,25.599309
2361,11,GUASAVE,8,4,URBANA,2,-108.221447,25.590186
2362,11,GUASAVE,8,4,RURAL,4,-108.223667,25.616578
2363,11,GUASAVE,8,4,RURAL,4,-108.229707,25.575491
2364,11,GUASAVE,8,4,RURAL,4,-108.303599,25.611408
2365,11,GUASAVE,8,4,RURAL,4,-108.341568,25.615106
2366,11,GUASAVE,8,4,URBANA,2,-108.402818,25.613635
2367,11,GUASAVE,8,4,URBANA,2,-108.418901,25.61554
2368,11,GUASAVE,8,4,MIXTA,3,-108.445782,25.612992
2369,11,GUASAVE,8,4,MIXTA,3,-108.436402,25.602235
2370,11,GUASAVE,8,4,URBANA,2,-108.445805,25.605172
2371,11,GUASAVE,8,4,RURAL,4,-108.455786,25.599511
2372,11,GUASAVE,7,4,MIXTA,3,-108.50692,25.629564
2373,11,GUASAVE,7,4,URBANA,2,-108.483897,25.608547
2374,11,GUASAVE,7,4,URBANA,2,-108.479498,25.603094
2375,11,GUASAVE,7,4,URBANA,2,-108.475159,25.600258
2376,11,GUASAVE,7,4,MIXTA,3,-108.496989,25.599853
2377,11,GUASAVE,7,4,RURAL,4,-108.571683,25.644415
2379,11,GUASAVE,7,4,URBANA,2,-108.717892,25.633256
2380,11,GUASAVE,7,4,URBANA,2,-108.709854,25.62847
2381,11,GUASAVE,7,4,URBANA,2,-108.71198,25.624674
2382,11,GUASAVE,7,4,URBANA,2,-108.720108,25.623902
2383,11,GUASAVE,7,4,MIXTA,3,-108.739138,25.645039
2384,11,GUASAVE,7,4,MIXTA,3,-108.715178,25.610622
2385,11,GUASAVE,7,4,MIXTA,3,-108.721164,25.588909
2386,11,GUASAVE,7,4,RURAL,4,-108.776272,25.583107
2387,11,GUASAVE,7,4,MIXTA,3,-108.799425,25.636057
2388,11,GUASAVE,7,4,MIXTA,3,-108.79706,25.61322
2389,20,JUAN JOSE RIOS,7,4,MIXTA,3,-108.825043,25.574934
2390,20,JUAN JOSE RIOS,7,4,URBANA,2,-108.855557,25.565496
2391,20,JUAN JOSE RIOS,7,4,URBANA,2,-108.853157,25.564337
2392,11,GUASAVE,7,4,RURAL,4,-108.64865,25.610683
2393,11,GUASAVE,7,4,RURAL,4,-108.544761,25.613964
2394,11,GUASAVE,7,4,MIXTA,3,-108.574674,25.585386
2395,11,GUASAVE,7,4,MIXTA,3,-108.599265,25.598796
2396,11,GUASAVE,7,4,RURAL,4,-108.532206,25.599265
2397,11,GUASAVE,7,4,RURAL,4,-108.508918,25.586163
2398,11,GUASAVE,8,4,RURAL,4,-108.448236,25.593318
2399,11,GUASAVE,8,4,URBANA,2,-108.397052,25.594038
2400,11,GUASAVE,8,4,URBANA,2,-108.417375,25.587843
2401,11,GUASAVE,8,4,MIXTA,3,-108.425227,25.594929
2402,11,GUASAVE,8,4,RURAL,4,-108.300386,25.59254
2403,11,GUASAVE,8,4,RURAL,4,-108.22392,25.556745
2404,11,GUASAVE,8,4,RURAL,4,-108.246539,25.526557
2405,11,GUASAVE,8,4,RURAL,4,-108.295482,25.571545
2406,11,GUASAVE,8,4,RURAL,4,-108.367843,25.579649
2407,11,GUASAVE,8,4,RURAL,4,-108.43864,25.579232
2408,11,GUASAVE,8,4,URBANA,2,-108.447595,25.56329
2409,11,GUASAVE,8,4,URBANA,2,-108.443701,25.568594
2410,11,GUASAVE,8,4,URBANA,2,-108.45193,25.571153
2411,11,GUASAVE,7,4,RURAL,4,-108.553396,25.571468
2412,11,GUASAVE,7,4,RURAL,4,-108.54233,25.562599
2413,11,GUASAVE,7,4,RURAL,4,-108.57697,25.547718
2414,11,GUASAVE,7,4,RURAL,4,-108.601551,25.563437
2415,11,GUASAVE,7,4,RURAL,4,-108.622075,25.561736
2416,11,GUASAVE,7,4,RURAL,4,-108.544402,25.535146
2417,11,GUASAVE,7,4,RURAL,4,-108.523751,25.5473
2418,11,GUASAVE,7,4,RURAL,4,-108.50821,25.564414
2419,11,GUASAVE,8,4,RURAL,4,-108.466122,25.543476
2420,11,GUASAVE,8,4,RURAL,4,-108.457671,25.540549
2421,11,GUASAVE,8,4,RURAL,4,-108.452968,25.531802
2422,11,GUASAVE,8,4,MIXTA,3,-108.482113,25.53746
2423,11,GUASAVE,8,4,MIXTA,3,-108.418958,25.566325
2424,11,GUASAVE,8,4,URBANA,2,-108.439567,25.552695
2425,11,GUASAVE,8,4,URBANA,2,-108.438791,25.546219
2426,11,GUASAVE,8,4,MIXTA,3,-108.399871,25.541898
2427,11,GUASAVE,8,4,URBANA,2,-108.406498,25.54628
2428,11,GUASAVE,8,4,URBANA,2,-108.388673,25.537414
2429,11,GUASAVE,8,4,URBANA,2,-108.40726,25.540712
2430,11,GUASAVE,8,4,URBANA,2,-108.409179,25.54157
2431,11,GUASAVE,8,4,URBANA,2,-108.410279,25.538314
2432,11,GUASAVE,8,4,URBANA,2,-108.413227,25.540081
2433,11,GUASAVE,8,4,URBANA,2,-108.414952,25.538497
2434,11,GUASAVE,8,4,URBANA,2,-108.414441,25.535653
2435,11,GUASAVE,8,4,MIXTA,3,-108.344968,25.545363
2436,11,GUASAVE,8,4,URBANA,2,-108.33335,25.549879
2437,11,GUASAVE,8,4,URBANA,2,-108.341519,25.555655
2438,11,GUASAVE,8,4,MIXTA,3,-108.327169,25.542185
2439,11,GUASAVE,8,4,RURAL,4,-108.323477,25.552992
2440,11,GUASAVE,8,4,RURAL,4,-108.312086,25.552054
2441,11,GUASAVE,8,4,RURAL,4,-108.285035,25.545222
2442,11,GUASAVE,8,4,RURAL,4,-108.303235,25.529268
2443,11,GUASAVE,8,4,RURAL,4,-108.279662,25.51704
2444,11,GUASAVE,8,4,MIXTA,3,-108.21561,25.541102
2445,11,GUASAVE,8,4,URBANA,2,-108.216381,25.531262
2446,11,GUASAVE,8,4,URBANA,2,-108.231366,25.532016
2447,11,GUASAVE,8,4,RURAL,4,-108.21159,25.513837
2449,11,GUASAVE,8,4,RURAL,4,-108.35354,25.520988
2450,11,GUASAVE,8,4,RURAL,4,-108.435414,25.53277
2451,11,GUASAVE,8,4,RURAL,4,-108.467072,25.516391
2452,11,GUASAVE,8,4,RURAL,4,-108.447416,25.516867
2453,11,GUASAVE,8,4,RURAL,4,-108.476494,25.525891
2454,11,GUASAVE,8,4,RURAL,4,-108.517394,25.520167
2455,11,GUASAVE,7,4,RURAL,4,-108.706124,25.539491
2456,11,GUASAVE,7,4,MIXTA,3,-108.767593,25.537473
2457,11,GUASAVE,7,4,URBANA,2,-108.779038,25.508698
2458,11,GUASAVE,7,4,URBANA,2,-108.763249,25.506278
2459,11,GUASAVE,7,4,URBANA,2,-108.796643,25.487224
2460,11,GUASAVE,7,4,RURAL,4,-108.667437,25.543614
2461,11,GUASAVE,7,4,RURAL,4,-108.627872,25.493356
2462,11,GUASAVE,7,4,RURAL,4,-108.579029,25.510121
2463,11,GUASAVE,8,4,RURAL,4,-108.51647,25.502199
2464,11,GUASAVE,8,4,RURAL,4,-108.466186,25.497739
2465,11,GUASAVE,8,4,RURAL,4,-108.485297,25.498898
2466,11,GUASAVE,8,4,RURAL,4,-108.444213,25.503419
2467,11,GUASAVE,8,4,RURAL,4,-108.425273,25.502702
2468,11,GUASAVE,8,4,MIXTA,3,-108.443484,25.486103
2469,11,GUASAVE,8,4,URBANA,2,-108.460381,25.479205
2470,11,GUASAVE,8,4,URBANA,2,-108.368705,25.491183
2471,11,GUASAVE,8,4,URBANA,2,-108.382465,25.495673
2472,11,GUASAVE,8,4,RURAL,4,-108.319299,25.503
2473,11,GUASAVE,8,4,RURAL,4,-108.255447,25.474743
2474,11,GUASAVE,8,4,RURAL,4,-108.215633,25.490216
2475,11,GUASAVE,8,4,MIXTA,3,-108.312133,25.472234
2476,11,GUASAVE,8,4,URBANA,2,-108.302538,25.495455
2478,11,GUASAVE,8,4,RURAL,4,-108.397301,25.488275
2479,11,GUASAVE,8,4,MIXTA,3,-108.342341,25.453442
2480,11,GUASAVE,8,4,MIXTA,3,-108.387792,25.46159
2481,11,GUASAVE,8,4,RURAL,4,-108.423013,25.465317
2482,11,GUASAVE,8,4,RURAL,4,-108.438312,25.468473
2483,11,GUASAVE,8,4,RURAL,4,-108.447676,25.461165
2484,11,GUASAVE,8,4,URBANA,2,-108.528305,25.478533
2485,11,GUASAVE,8,4,URBANA,2,-108.518382,25.485309
2486,11,GUASAVE,8,4,URBANA,2,-108.51415,25.484476
2487,11,GUASAVE,8,4,MIXTA,3,-108.507111,25.480153
2488,11,GUASAVE,8,4,URBANA,2,-108.519383,25.476337
2489,11,GUASAVE,8,4,RURAL,4,-108.505869,25.493611
2490,11,GUASAVE,8,4,URBANA,2,-108.563428,25.468736
2491,11,GUASAVE,8,4,MIXTA,3,-108.549275,25.483414
2492,11,GUASAVE,7,4,RURAL,4,-108.584642,25.482996
2493,11,GUASAVE,7,4,RURAL,4,-108.735015,25.523718
2494,11,GUASAVE,7,4,RURAL,4,-108.792868,25.448366
2495,11,GUASAVE,7,4,RURAL,4,-108.602469,25.44081
2496,11,GUASAVE,7,4,RURAL,4,-108.611944,25.451972
2497,11,GUASAVE,7,4,URBANA,2,-108.589049,25.414903
2498,11,GUASAVE,7,4,MIXTA,3,-108.588003,25.446529
2499,11,GUASAVE,8,4,RURAL,4,-108.569201,25.443461
2500,11,GUASAVE,8,4,RURAL,4,-108.536406,25.460637
2501,11,GUASAVE,8,4,RURAL,4,-108.494875,25.477307
2502,11,GUASAVE,8,4,MIXTA,3,-108.494064,25.449721
2503,11,GUASAVE,8,4,MIXTA,3,-108.472957,25.459991
2504,11,GUASAVE,8,4,URBANA,2,-108.460649,25.456388
2505,11,GUASAVE,8,4,MIXTA,3,-108.449735,25.451089
2506,11,GUASAVE,8,4,URBANA,2,-108.454513,25.446619
2507,11,GUASAVE,8,4,URBANA,2,-108.458445,25.445059
2508,11,GUASAVE,8,4,URBANA,2,-108.454353,25.438351
2509,11,GUASAVE,8,4,URBANA,2,-108.44919,25.443468
2510,11,GUASAVE,8,4,RURAL,4,-108.423446,25.445183
2511,11,GUASAVE,8,4,MIXTA,3,-108.400841,25.436545
2512,11,GUASAVE,8,4,MIXTA,3,-108.411219,25.422816
2513,11,GUASAVE,8,4,RURAL,4,-108.377201,25.424094
2514,11,GUASAVE,8,4,RURAL,4,-108.443496,25.427516
2515,11,GUASAVE,8,4,RURAL,4,-108.520957,25.42516
2516,11,GUASAVE,7,4,URBANA,2,-108.620116,25.426065
2517,11,GUASAVE,7,4,URBANA,2,-108.633781,25.4239
2518,11,GUASAVE,7,4,RURAL,4,-108.702995,25.419565
2519,11,GUASAVE,8,4,RURAL,4,-108.441755,25.412991
2520,11,GUASAVE,8,4,RURAL,4,-108.442016,25.400824
2521,11,GUASAVE,8,4,RURAL,4,-108.438787,25.387486
2522,11,GUASAVE,8,4,RURAL,4,-108.35072,25.402473
2523,11,GUASAVE,8,4,RURAL,4,-108.331248,25.36731
2524,11,GUASAVE,8,4,RURAL,4,-108.413736,25.404822
2525,11,GUASAVE,8,4,RURAL,4,-108.385982,25.360487
2526,11,GUASAVE,8,4,MIXTA,3,-108.490459,25.389546
2527,11,GUASAVE,8,4,URBANA,2,-108.455291,25.381478
2528,11,GUASAVE,8,4,MIXTA,3,-108.459211,25.374601
2529,11,GUASAVE,8,4,RURAL,4,-108.586218,25.363669
2530,11,GUASAVE,8,4,RURAL,4,-108.460292,25.34866
2531,11,GUASAVE,8,4,URBANA,2,-108.420759,25.372998
2532,11,GUASAVE,8,4,MIXTA,3,-108.415224,25.374923
2533,11,GUASAVE,8,4,URBANA,2,-108.416237,25.371484
2534,11,GUASAVE,8,4,URBANA,2,-108.423516,25.36988
2535,11,GUASAVE,8,4,URBANA,2,-108.419779,25.368534
2536,11,GUASAVE,8,4,URBANA,2,-108.417342,25.357763
2537,11,GUASAVE,8,4,RURAL,4,-108.418635,25.284041
2538,11,GUASAVE,8,4,RURAL,4,-108.462899,25.305595
2539,11,GUASAVE,8,4,RURAL,4,-108.517043,25.328508
2540,12,MAZATLAN,21,6,URBANA,2,-106.420598,23.21048
2541,12,MAZATLAN,21,6,URBANA,2,-106.418774,23.209807
2542,12,MAZATLAN,21,6,URBANA,2,-106.417299,23.208558
2543,12,MAZATLAN,21,6,URBANA,2,-106.415047,23.208195
2544,12,MAZATLAN,21,6,URBANA,2,-106.412649,23.207051
2545,12,MAZATLAN,21,6,URBANA,2,-106.40823,23.209861
2546,12,MAZATLAN,21,6,URBANA,2,-106.415132,23.195387
2547,12,MAZATLAN,21,6,URBANA,2,-106.412731,23.202825
2548,12,MAZATLAN,21,6,URBANA,2,-106.413045,23.203566
2549,12,MAZATLAN,21,6,URBANA,2,-106.414043,23.20388
2550,12,MAZATLAN,21,6,URBANA,2,-106.414489,23.206263
2551,12,MAZATLAN,21,6,URBANA,2,-106.416805,23.20594
2552,12,MAZATLAN,21,6,URBANA,2,-106.416691,23.20738
2553,12,MAZATLAN,21,6,URBANA,2,-106.418013,23.206807
2554,12,MAZATLAN,21,6,URBANA,2,-106.419883,23.206816
2555,12,MAZATLAN,21,6,URBANA,2,-106.420293,23.20886
2556,12,MAZATLAN,21,6,URBANA,2,-106.422052,23.208701
2557,12,MAZATLAN,21,6,URBANA,2,-106.423609,23.207232
2558,12,MAZATLAN,21,6,URBANA,2,-106.424859,23.206102
2559,12,MAZATLAN,21,6,URBANA,2,-106.425705,23.205531
2560,12,MAZATLAN,21,6,URBANA,2,-106.427616,23.20625
2561,12,MAZATLAN,21,6,URBANA,2,-106.428736,23.203163
2562,12,MAZATLAN,21,6,URBANA,2,-106.427951,23.201227
2563,12,MAZATLAN,21,6,URBANA,2,-106.425135,23.203221
2564,12,MAZATLAN,21,6,URBANA,2,-106.4236,23.204031
2565,12,MAZATLAN,21,6,URBANA,2,-106.422056,23.205437
2566,12,MAZATLAN,21,6,URBANA,2,-106.421713,23.20347
2567,12,MAZATLAN,21,6,URBANA,2,-106.419489,23.204657
2568,12,MAZATLAN,21,6,URBANA,2,-106.416486,23.204791
2569,12,MAZATLAN,21,6,URBANA,2,-106.415894,23.203901
2570,12,MAZATLAN,21,6,URBANA,2,-106.416469,23.203045
2571,12,MAZATLAN,21,6,URBANA,2,-106.414658,23.200032
2572,12,MAZATLAN,21,6,URBANA,2,-106.41558,23.201844
2573,12,MAZATLAN,21,6,URBANA,2,-106.416854,23.201591
2574,12,MAZATLAN,21,6,URBANA,2,-106.418438,23.201149
2575,12,MAZATLAN,21,6,URBANA,2,-106.419448,23.201432
2576,12,MAZATLAN,21,6,URBANA,2,-106.419135,23.202884
2577,12,MAZATLAN,21,6,URBANA,2,-106.422396,23.201104
2578,12,MAZATLAN,21,6,URBANA,2,-106.424833,23.200702
2579,12,MAZATLAN,21,6,URBANA,2,-106.426704,23.199708
2581,12,MAZATLAN,21,6,URBANA,2,-106.425782,23.197583
2582,12,MAZATLAN,21,6,URBANA,2,-106.423165,23.197499
2583,12,MAZATLAN,21,6,URBANA,2,-106.421886,23.19801
2584,12,MAZATLAN,21,6,URBANA,2,-106.420582,23.198268
2585,12,MAZATLAN,21,6,URBANA,2,-106.419458,23.198582
2586,12,MAZATLAN,21,6,URBANA,2,-106.41842,23.198786
2587,12,MAZATLAN,21,6,URBANA,2,-106.417078,23.20004
2588,12,MAZATLAN,21,6,URBANA,2,-106.416751,23.198289
2589,12,MAZATLAN,21,6,URBANA,2,-106.415877,23.196651
2590,12,MAZATLAN,21,6,URBANA,2,-106.417052,23.19638
2591,12,MAZATLAN,21,6,URBANA,2,-106.41805,23.196089
2592,12,MAZATLAN,21,6,URBANA,2,-106.419086,23.196007
2593,12,MAZATLAN,21,6,URBANA,2,-106.418376,23.194782
2594,12,MAZATLAN,21,6,URBANA,2,-106.419042,23.191377
2595,12,MAZATLAN,21,6,URBANA,2,-106.420115,23.19235
2596,12,MAZATLAN,21,6,URBANA,2,-106.420559,23.195032
2597,12,MAZATLAN,21,6,URBANA,2,-106.421984,23.189711
2598,12,MAZATLAN,21,6,URBANA,2,-106.424668,23.19514
2599,12,MAZATLAN,21,6,URBANA,2,-106.426865,23.19338
2600,12,MAZATLAN,21,6,URBANA,2,-106.425207,23.186345
2601,12,MAZATLAN,23,1,URBANA,2,-106.384756,23.221732
2602,12,MAZATLAN,23,1,URBANA,2,-106.380448,23.221123
2603,12,MAZATLAN,23,1,URBANA,2,-106.382605,23.223835
2604,12,MAZATLAN,23,1,URBANA,2,-106.378656,23.229292
2605,12,MAZATLAN,23,1,URBANA,2,-106.379373,23.224136
2606,12,MAZATLAN,23,1,URBANA,2,-106.377611,23.224239
2607,12,MAZATLAN,23,1,URBANA,2,-106.37044,23.229835
2608,12,MAZATLAN,23,1,URBANA,2,-106.375021,23.218755
2609,12,MAZATLAN,23,1,URBANA,2,-106.372534,23.213128
2610,12,MAZATLAN,23,1,URBANA,2,-106.382907,23.219735
2611,12,MAZATLAN,23,1,URBANA,2,-106.379918,23.216441
2612,12,MAZATLAN,23,1,URBANA,2,-106.366233,23.211225
2613,12,MAZATLAN,23,1,URBANA,2,-106.368934,23.220498
2614,12,MAZATLAN,23,1,URBANA,2,-106.365956,23.20508
2615,12,MAZATLAN,23,1,URBANA,2,-106.362339,23.200486
2616,12,MAZATLAN,23,1,MIXTA,3,-106.367964,23.17501
2617,12,MAZATLAN,23,1,URBANA,2,-106.403298,23.199346
2618,12,MAZATLAN,23,1,MIXTA,3,-106.320445,23.186704
2619,12,MAZATLAN,23,1,MIXTA,3,-106.310249,23.20136
2620,12,MAZATLAN,23,1,RURAL,4,-106.3092,23.232366
2621,12,MAZATLAN,23,1,URBANA,2,-106.248827,23.280204
2622,12,MAZATLAN,23,1,URBANA,2,-106.24842,23.268033
2623,12,MAZATLAN,23,1,URBANA,2,-106.205664,23.311127
2624,12,MAZATLAN,23,1,RURAL,4,-106.198013,23.280704
2625,12,MAZATLAN,23,1,RURAL,4,-106.230963,23.280344
2626,12,MAZATLAN,23,1,RURAL,4,-106.254016,23.257995
2627,12,MAZATLAN,23,1,RURAL,4,-106.252101,23.244789
2628,12,MAZATLAN,23,1,URBANA,2,-106.208576,23.246221
2629,12,MAZATLAN,23,1,MIXTA,3,-106.207811,23.23778
2630,12,MAZATLAN,23,1,URBANA,2,-106.202913,23.246383
2631,12,MAZATLAN,23,1,URBANA,2,-106.208293,23.244164
2632,12,MAZATLAN,23,1,URBANA,2,-106.20886,23.242005
2633,12,MAZATLAN,23,1,URBANA,2,-106.194788,23.226988
2634,12,MAZATLAN,23,1,URBANA,2,-106.188487,23.241606
2635,12,MAZATLAN,23,1,RURAL,4,-106.263551,23.225781
2636,12,MAZATLAN,23,1,RURAL,4,-106.257706,23.195897
2637,12,MAZATLAN,23,1,RURAL,4,-106.24081,23.184669
2638,12,MAZATLAN,23,1,URBANA,2,-106.219111,23.194758
2639,12,MAZATLAN,23,1,URBANA,2,-106.214767,23.195705
2640,12,MAZATLAN,23,1,URBANA,2,-106.213535,23.194152
2641,12,MAZATLAN,23,1,MIXTA,3,-106.181743,23.221845
2642,12,MAZATLAN,23,1,URBANA,2,-106.217048,23.191766
2643,12,MAZATLAN,23,1,URBANA,2,-106.217561,23.19092
2644,12,MAZATLAN,23,1,URBANA,2,-106.221589,23.191638
2645,12,MAZATLAN,23,1,URBANA,2,-106.218437,23.189733
2646,12,MAZATLAN,23,1,URBANA,2,-106.216059,23.189199
2647,12,MAZATLAN,23,1,URBANA,2,-106.203294,23.191799
2648,12,MAZATLAN,23,1,URBANA,2,-106.216615,23.187178
2649,12,MAZATLAN,23,1,URBANA,2,-106.219052,23.187922
2651,12,MAZATLAN,23,1,URBANA,2,-106.222626,23.189157
2652,12,MAZATLAN,23,1,URBANA,2,-106.223066,23.187319
2653,12,MAZATLAN,23,1,URBANA,2,-106.220379,23.186071
2654,12,MAZATLAN,23,1,URBANA,2,-106.218843,23.18511
2655,12,MAZATLAN,23,1,MIXTA,3,-106.226631,23.175367
2656,12,MAZATLAN,23,1,URBANA,2,-106.213434,23.185426
2657,12,MAZATLAN,23,1,MIXTA,3,-106.206556,23.174278
2658,12,MAZATLAN,23,1,RURAL,4,-106.187374,23.192613
2659,12,MAZATLAN,23,1,RURAL,4,-106.172497,23.160205
2660,12,MAZATLAN,23,1,RURAL,4,-106.151386,23.120269
2661,12,MAZATLAN,23,1,URBANA,2,-106.249694,23.140659
2662,12,MAZATLAN,23,1,MIXTA,3,-106.235518,23.119435
2663,12,MAZATLAN,23,1,URBANA,2,-106.245965,23.139244
2664,12,MAZATLAN,23,1,URBANA,2,-106.248008,23.136472
2665,12,MAZATLAN,23,1,MIXTA,3,-106.292152,23.144596
2666,12,MAZATLAN,23,1,URBANA,2,-106.276185,23.117666
2667,12,MAZATLAN,21,6,URBANA,2,-106.465927,23.287096
2668,12,MAZATLAN,21,6,URBANA,2,-106.437877,23.259398
2669,12,MAZATLAN,21,6,URBANA,2,-106.436817,23.258661
2670,12,MAZATLAN,21,6,URBANA,2,-106.433855,23.260617
2671,12,MAZATLAN,21,6,URBANA,2,-106.431873,23.260663
2673,12,MAZATLAN,21,6,URBANA,2,-106.428602,23.263028
2674,12,MAZATLAN,21,6,URBANA,2,-106.432978,23.258298
2675,12,MAZATLAN,21,6,URBANA,2,-106.436044,23.256568
2676,12,MAZATLAN,21,6,URBANA,2,-106.439474,23.2666
2677,12,MAZATLAN,21,6,URBANA,2,-106.443801,23.25201
2678,12,MAZATLAN,21,6,URBANA,2,-106.450504,23.259967
2679,12,MAZATLAN,21,6,URBANA,2,-106.454084,23.250709
2680,12,MAZATLAN,21,6,URBANA,2,-106.452972,23.246494
2681,12,MAZATLAN,21,6,URBANA,2,-106.450169,23.243062
2682,12,MAZATLAN,21,6,URBANA,2,-106.447981,23.245756
2683,12,MAZATLAN,21,6,URBANA,2,-106.444983,23.243055
2684,12,MAZATLAN,21,6,URBANA,2,-106.443518,23.247505
2685,12,MAZATLAN,21,6,URBANA,2,-106.436357,23.248894
2686,12,MAZATLAN,21,6,URBANA,2,-106.433044,23.252726
2687,12,MAZATLAN,21,6,URBANA,2,-106.430651,23.257472
2688,12,MAZATLAN,21,6,URBANA,2,-106.429735,23.254708
2689,12,MAZATLAN,21,6,URBANA,2,-106.427061,23.255202
2690,12,MAZATLAN,21,6,URBANA,2,-106.424581,23.257676
2692,12,MAZATLAN,21,6,URBANA,2,-106.41803,23.254989
2693,12,MAZATLAN,20,6,URBANA,2,-106.413869,23.259697
2695,12,MAZATLAN,20,6,URBANA,2,-106.409307,23.255973
2696,12,MAZATLAN,21,6,URBANA,2,-106.410576,23.254547
2697,12,MAZATLAN,21,6,URBANA,2,-106.411551,23.254163
2698,12,MAZATLAN,21,6,URBANA,2,-106.414698,23.255745
2699,12,MAZATLAN,21,6,URBANA,2,-106.415827,23.252551
2700,12,MAZATLAN,21,6,URBANA,2,-106.417954,23.251504
2701,12,MAZATLAN,21,6,URBANA,2,-106.420807,23.253031
2702,12,MAZATLAN,21,6,URBANA,2,-106.423478,23.253219
2703,12,MAZATLAN,21,6,URBANA,2,-106.426594,23.251369
2704,12,MAZATLAN,21,6,URBANA,2,-106.429304,23.252171
2705,12,MAZATLAN,21,6,URBANA,2,-106.431827,23.250283
2706,12,MAZATLAN,21,6,URBANA,2,-106.429688,23.249459
2707,12,MAZATLAN,21,6,URBANA,2,-106.426858,23.249577
2708,12,MAZATLAN,21,6,URBANA,2,-106.422932,23.251006
2709,12,MAZATLAN,21,6,URBANA,2,-106.415234,23.251334
2710,12,MAZATLAN,21,6,URBANA,2,-106.414406,23.250608
2711,12,MAZATLAN,22,1,URBANA,2,-106.402621,23.255523
2712,12,MAZATLAN,22,1,URBANA,2,-106.400154,23.253564
2713,12,MAZATLAN,22,1,URBANA,2,-106.401751,23.251542
2714,12,MAZATLAN,22,1,URBANA,2,-106.403148,23.2524
2715,12,MAZATLAN,22,1,URBANA,2,-106.41233,23.249113
2716,12,MAZATLAN,22,1,URBANA,2,-106.413623,23.247529
2717,12,MAZATLAN,22,1,URBANA,2,-106.419231,23.245286
2718,12,MAZATLAN,21,6,URBANA,2,-106.423069,23.248155
2719,12,MAZATLAN,21,6,URBANA,2,-106.425039,23.248019
2720,12,MAZATLAN,21,6,URBANA,2,-106.428082,23.246933
2721,12,MAZATLAN,21,6,URBANA,2,-106.432657,23.246275
2722,12,MAZATLAN,21,6,URBANA,2,-106.438743,23.240651
2723,12,MAZATLAN,21,6,URBANA,2,-106.432073,23.245308
2724,12,MAZATLAN,21,6,URBANA,2,-106.431689,23.244875
2725,12,MAZATLAN,21,6,URBANA,2,-106.433006,23.243247
2726,12,MAZATLAN,21,6,URBANA,2,-106.430068,23.24482
2727,12,MAZATLAN,21,6,URBANA,2,-106.429829,23.24435
2728,12,MAZATLAN,21,6,URBANA,2,-106.429552,23.243884
2729,12,MAZATLAN,21,6,URBANA,2,-106.426844,23.243584
2730,12,MAZATLAN,21,6,URBANA,2,-106.426245,23.244895
2731,12,MAZATLAN,21,6,URBANA,2,-106.424647,23.243769
2732,12,MAZATLAN,21,6,URBANA,2,-106.423283,23.246441
2733,12,MAZATLAN,21,6,URBANA,2,-106.422584,23.245727
2734,12,MAZATLAN,22,1,URBANA,2,-106.414308,23.244261
2735,12,MAZATLAN,22,1,URBANA,2,-106.411855,23.244724
2736,12,MAZATLAN,22,1,URBANA,2,-106.41034,23.243753
2737,12,MAZATLAN,22,1,URBANA,2,-106.407015,23.244301
2738,12,MAZATLAN,22,1,URBANA,2,-106.407148,23.247315
2739,12,MAZATLAN,22,1,URBANA,2,-106.406075,23.248568
2740,12,MAZATLAN,22,1,URBANA,2,-106.407377,23.251998
2741,12,MAZATLAN,22,1,URBANA,2,-106.403196,23.244647
2742,12,MAZATLAN,22,1,URBANA,2,-106.401013,23.245729
2743,12,MAZATLAN,22,1,URBANA,2,-106.399899,23.248527
2744,12,MAZATLAN,22,1,URBANA,2,-106.394504,23.25078
2745,12,MAZATLAN,22,1,URBANA,2,-106.389506,23.248279
2746,12,MAZATLAN,22,1,URBANA,2,-106.390327,23.251359
2747,12,MAZATLAN,22,1,URBANA,2,-106.387912,23.25131
2748,12,MAZATLAN,22,1,URBANA,2,-106.386677,23.249417
2749,12,MAZATLAN,22,1,URBANA,2,-106.387428,23.248222
2750,12,MAZATLAN,22,1,URBANA,2,-106.388533,23.246573
2751,12,MAZATLAN,22,1,URBANA,2,-106.391621,23.245013
2752,12,MAZATLAN,22,1,URBANA,2,-106.405442,23.240198
2753,12,MAZATLAN,22,1,URBANA,2,-106.406254,23.240999
2754,12,MAZATLAN,22,1,URBANA,2,-106.407114,23.241379
2755,12,MAZATLAN,22,1,URBANA,2,-106.408466,23.242502
2756,12,MAZATLAN,22,1,URBANA,2,-106.408751,23.241396
2757,12,MAZATLAN,22,1,URBANA,2,-106.40895,23.24061
2758,12,MAZATLAN,22,1,URBANA,2,-106.410736,23.241073
2759,12,MAZATLAN,22,1,URBANA,2,-106.412377,23.241602
2760,12,MAZATLAN,22,1,URBANA,2,-106.41441,23.241237
2761,12,MAZATLAN,22,1,URBANA,2,-106.415943,23.241491
2762,12,MAZATLAN,22,1,URBANA,2,-106.415622,23.24589
2763,12,MAZATLAN,22,1,URBANA,2,-106.417851,23.241514
2764,12,MAZATLAN,21,6,URBANA,2,-106.423388,23.240362
2765,12,MAZATLAN,21,6,URBANA,2,-106.425534,23.240153
2766,12,MAZATLAN,21,6,URBANA,2,-106.427342,23.241542
2767,12,MAZATLAN,21,6,URBANA,2,-106.428392,23.242751
2768,12,MAZATLAN,21,6,URBANA,2,-106.429461,23.2414
2769,12,MAZATLAN,21,6,URBANA,2,-106.431572,23.240687
2770,12,MAZATLAN,21,6,URBANA,2,-106.431682,23.242039
2771,12,MAZATLAN,21,6,URBANA,2,-106.42999,23.243268
2772,12,MAZATLAN,21,6,URBANA,2,-106.434784,23.237021
2773,12,MAZATLAN,21,6,URBANA,2,-106.432544,23.238106
2774,12,MAZATLAN,21,6,URBANA,2,-106.431493,23.235361
2775,12,MAZATLAN,21,6,URBANA,2,-106.429919,23.238922
2776,12,MAZATLAN,21,6,URBANA,2,-106.429947,23.23638
2777,12,MAZATLAN,21,6,URBANA,2,-106.427871,23.238015
2778,12,MAZATLAN,21,6,URBANA,2,-106.428118,23.235039
2779,12,MAZATLAN,21,6,URBANA,2,-106.426178,23.235883
2780,12,MAZATLAN,21,6,URBANA,2,-106.425053,23.236844
2781,12,MAZATLAN,21,6,URBANA,2,-106.426283,23.239322
2782,12,MAZATLAN,21,6,URBANA,2,-106.424094,23.237718
2783,12,MAZATLAN,22,1,URBANA,2,-106.417993,23.237341
2784,12,MAZATLAN,22,1,URBANA,2,-106.413875,23.239565
2785,12,MAZATLAN,22,1,URBANA,2,-106.412061,23.237331
2786,12,MAZATLAN,22,1,URBANA,2,-106.411005,23.238966
2787,12,MAZATLAN,22,1,URBANA,2,-106.410732,23.23705
2788,12,MAZATLAN,22,1,URBANA,2,-106.409056,23.239085
2789,12,MAZATLAN,22,1,URBANA,2,-106.4092,23.236718
2790,12,MAZATLAN,22,1,URBANA,2,-106.407415,23.238137
2791,12,MAZATLAN,22,1,URBANA,2,-106.407058,23.236062
2792,12,MAZATLAN,22,1,URBANA,2,-106.40626,23.237109
2793,12,MAZATLAN,22,1,URBANA,2,-106.405356,23.236913
2794,12,MAZATLAN,22,1,URBANA,2,-106.404401,23.238712
2795,12,MAZATLAN,22,1,URBANA,2,-106.403914,23.240228
2796,12,MAZATLAN,22,1,URBANA,2,-106.402429,23.238022
2797,12,MAZATLAN,22,1,URBANA,2,-106.401057,23.238607
2798,12,MAZATLAN,22,1,URBANA,2,-106.395746,23.24072
2799,12,MAZATLAN,22,1,URBANA,2,-106.388149,23.242029
2800,12,MAZATLAN,22,1,URBANA,2,-106.386224,23.244339
2801,12,MAZATLAN,22,1,URBANA,2,-106.385437,23.246639
2802,12,MAZATLAN,22,1,URBANA,2,-106.384542,23.2479
2803,12,MAZATLAN,22,1,URBANA,2,-106.383273,23.248183
2804,12,MAZATLAN,22,1,URBANA,2,-106.38967,23.254665
2805,12,MAZATLAN,22,1,URBANA,2,-106.380934,23.251658
2806,12,MAZATLAN,22,1,URBANA,2,-106.379347,23.252572
2807,12,MAZATLAN,23,1,URBANA,2,-106.371451,23.247832
2809,12,MAZATLAN,23,1,URBANA,2,-106.374341,23.246985
2810,12,MAZATLAN,22,1,URBANA,2,-106.379147,23.247091
2811,12,MAZATLAN,22,1,URBANA,2,-106.381686,23.242622
2812,12,MAZATLAN,22,1,URBANA,2,-106.383159,23.24178
2813,12,MAZATLAN,22,1,URBANA,2,-106.384902,23.24044
2814,12,MAZATLAN,22,1,URBANA,2,-106.38711,23.23893
2815,12,MAZATLAN,22,1,URBANA,2,-106.389182,23.239474
2816,12,MAZATLAN,22,1,URBANA,2,-106.391101,23.238711
2817,12,MAZATLAN,22,1,URBANA,2,-106.392777,23.236171
2818,12,MAZATLAN,22,1,URBANA,2,-106.398053,23.235992
2819,12,MAZATLAN,22,1,URBANA,2,-106.400486,23.236737
2820,12,MAZATLAN,22,1,URBANA,2,-106.401705,23.234913
2821,12,MAZATLAN,22,1,URBANA,2,-106.403128,23.236299
2822,12,MAZATLAN,22,1,URBANA,2,-106.404247,23.235886
2823,12,MAZATLAN,22,1,URBANA,2,-106.404661,23.233955
2824,12,MAZATLAN,22,1,URBANA,2,-106.406133,23.233816
2825,12,MAZATLAN,22,1,URBANA,2,-106.407037,23.234009
2826,12,MAZATLAN,22,1,URBANA,2,-106.40794,23.234217
2827,12,MAZATLAN,22,1,URBANA,2,-106.409441,23.234935
2828,12,MAZATLAN,22,1,URBANA,2,-106.410483,23.234328
2829,12,MAZATLAN,22,1,URBANA,2,-106.411943,23.235088
2830,12,MAZATLAN,22,1,URBANA,2,-106.414377,23.232509
2831,12,MAZATLAN,22,1,URBANA,2,-106.415564,23.230489
2832,12,MAZATLAN,22,1,URBANA,2,-106.421884,23.233738
2833,12,MAZATLAN,21,6,URBANA,2,-106.428932,23.231116
2834,12,MAZATLAN,22,1,URBANA,2,-106.421482,23.230198
2835,12,MAZATLAN,22,1,URBANA,2,-106.412167,23.231437
2836,12,MAZATLAN,22,1,URBANA,2,-106.411035,23.232771
2837,12,MAZATLAN,22,1,URBANA,2,-106.408808,23.232279
2838,12,MAZATLAN,22,1,URBANA,2,-106.406862,23.231859
2839,12,MAZATLAN,22,1,URBANA,2,-106.405104,23.231866
2840,12,MAZATLAN,22,1,URBANA,2,-106.403305,23.233566
2841,12,MAZATLAN,22,1,URBANA,2,-106.403368,23.232122
2842,12,MAZATLAN,22,1,URBANA,2,-106.4021,23.232787
2843,12,MAZATLAN,22,1,URBANA,2,-106.398724,23.232982
2844,12,MAZATLAN,22,1,URBANA,2,-106.400129,23.234555
2845,12,MAZATLAN,22,1,URBANA,2,-106.398654,23.234059
2846,12,MAZATLAN,22,1,URBANA,2,-106.396321,23.232812
2847,12,MAZATLAN,22,1,URBANA,2,-106.391386,23.234227
2848,12,MAZATLAN,22,1,URBANA,2,-106.386994,23.234912
2849,12,MAZATLAN,23,1,URBANA,2,-106.371106,23.240793
2850,12,MAZATLAN,23,1,URBANA,2,-106.371067,23.236577
2851,12,MAZATLAN,22,1,URBANA,2,-106.383802,23.232503
2852,12,MAZATLAN,22,1,URBANA,2,-106.389391,23.229994
2853,12,MAZATLAN,22,1,URBANA,2,-106.392837,23.230745
2854,12,MAZATLAN,22,1,URBANA,2,-106.394565,23.229577
2855,12,MAZATLAN,22,1,URBANA,2,-106.399154,23.23057
2856,12,MAZATLAN,22,1,URBANA,2,-106.401547,23.229911
2857,12,MAZATLAN,22,1,URBANA,2,-106.402592,23.230073
2858,12,MAZATLAN,22,1,URBANA,2,-106.403578,23.230872
2859,12,MAZATLAN,22,1,URBANA,2,-106.40473,23.229603
2860,12,MAZATLAN,22,1,URBANA,2,-106.406571,23.229526
2861,12,MAZATLAN,22,1,URBANA,2,-106.408829,23.230688
2862,12,MAZATLAN,22,1,URBANA,2,-106.409567,23.229607
2863,12,MAZATLAN,22,1,URBANA,2,-106.419251,23.23055
2864,12,MAZATLAN,21,6,URBANA,2,-106.423059,23.22504
2865,12,MAZATLAN,22,1,URBANA,2,-106.420071,23.226103
2866,12,MAZATLAN,22,1,URBANA,2,-106.419398,23.226906
2867,12,MAZATLAN,22,1,URBANA,2,-106.418579,23.226627
2868,12,MAZATLAN,22,1,URBANA,2,-106.417807,23.226934
2869,12,MAZATLAN,22,1,URBANA,2,-106.416269,23.227366
2870,12,MAZATLAN,22,1,URBANA,2,-106.410127,23.227421
2871,12,MAZATLAN,22,1,URBANA,2,-106.409381,23.227937
2872,12,MAZATLAN,22,1,URBANA,2,-106.407606,23.225911
2873,12,MAZATLAN,22,1,URBANA,2,-106.406794,23.228132
2874,12,MAZATLAN,22,1,URBANA,2,-106.405025,23.227812
2875,12,MAZATLAN,22,1,URBANA,2,-106.403776,23.227838
2876,12,MAZATLAN,22,1,URBANA,2,-106.402119,23.227638
2877,12,MAZATLAN,22,1,URBANA,2,-106.401902,23.22649
2878,12,MAZATLAN,22,1,URBANA,2,-106.399983,23.227993
2879,12,MAZATLAN,22,1,URBANA,2,-106.396655,23.227387
2880,12,MAZATLAN,22,1,URBANA,2,-106.39334,23.226511
2881,12,MAZATLAN,22,1,URBANA,2,-106.391448,23.227589
2882,12,MAZATLAN,22,1,URBANA,2,-106.390264,23.22778
2883,12,MAZATLAN,22,1,URBANA,2,-106.388676,23.227054
2884,12,MAZATLAN,22,1,URBANA,2,-106.38747,23.225691
2885,12,MAZATLAN,23,1,URBANA,2,-106.388197,23.223334
2886,12,MAZATLAN,23,1,URBANA,2,-106.390506,23.224394
2887,12,MAZATLAN,23,1,URBANA,2,-106.394096,23.222801
2888,12,MAZATLAN,23,1,URBANA,2,-106.398314,23.224002
2889,12,MAZATLAN,22,1,URBANA,2,-106.406144,23.222086
2890,12,MAZATLAN,22,1,URBANA,2,-106.413998,23.225068
2891,12,MAZATLAN,22,1,URBANA,2,-106.414762,23.223265
2892,12,MAZATLAN,22,1,URBANA,2,-106.416129,23.224064
2893,12,MAZATLAN,22,1,URBANA,2,-106.416856,23.223181
2894,12,MAZATLAN,22,1,URBANA,2,-106.41815,23.222688
2895,12,MAZATLAN,21,6,URBANA,2,-106.421559,23.22149
2896,12,MAZATLAN,21,6,URBANA,2,-106.419948,23.216824
2897,12,MAZATLAN,21,6,URBANA,2,-106.418811,23.218442
2898,12,MAZATLAN,22,1,URBANA,2,-106.416803,23.219953
2899,12,MAZATLAN,22,1,URBANA,2,-106.415221,23.219842
2900,12,MAZATLAN,22,1,URBANA,2,-106.414701,23.220038
2901,12,MAZATLAN,22,1,URBANA,2,-106.414739,23.221561
2902,12,MAZATLAN,22,1,URBANA,2,-106.413143,23.222763
2903,12,MAZATLAN,22,1,URBANA,2,-106.411041,23.221965
2904,12,MAZATLAN,22,1,URBANA,2,-106.404706,23.219421
2905,12,MAZATLAN,23,1,URBANA,2,-106.402376,23.217787
2906,12,MAZATLAN,23,1,URBANA,2,-106.394395,23.216683
2907,12,MAZATLAN,23,1,URBANA,2,-106.40145,23.214579
2908,12,MAZATLAN,22,1,URBANA,2,-106.40517,23.216583
2909,12,MAZATLAN,22,1,URBANA,2,-106.405606,23.218039
2910,12,MAZATLAN,22,1,URBANA,2,-106.41201,23.218984
2911,12,MAZATLAN,22,1,URBANA,2,-106.413246,23.219649
2912,12,MAZATLAN,22,1,URBANA,2,-106.416148,23.218528
2913,12,MAZATLAN,22,1,URBANA,2,-106.41512,23.217414
2914,12,MAZATLAN,21,6,URBANA,2,-106.417245,23.214959
2915,12,MAZATLAN,21,6,URBANA,2,-106.420346,23.21427
2916,12,MAZATLAN,21,6,URBANA,2,-106.420862,23.212236
2917,12,MAZATLAN,21,6,URBANA,2,-106.418658,23.212985
2918,12,MAZATLAN,21,6,URBANA,2,-106.417471,23.212805
2919,12,MAZATLAN,21,6,URBANA,2,-106.415004,23.213737
2920,12,MAZATLAN,22,1,URBANA,2,-106.41484,23.215759
2921,12,MAZATLAN,22,1,URBANA,2,-106.412333,23.217769
2922,12,MAZATLAN,22,1,URBANA,2,-106.411489,23.216838
2923,12,MAZATLAN,22,1,URBANA,2,-106.407496,23.216881
2924,12,MAZATLAN,22,1,URBANA,2,-106.406566,23.214964
2925,12,MAZATLAN,21,6,URBANA,2,-106.408453,23.213134
2926,12,MAZATLAN,21,6,URBANA,2,-106.409775,23.213024
2927,12,MAZATLAN,22,1,URBANA,2,-106.41071,23.215274
2928,12,MAZATLAN,22,1,URBANA,2,-106.411853,23.214765
2929,12,MAZATLAN,21,6,URBANA,2,-106.413187,23.214074
2930,12,MAZATLAN,21,6,URBANA,2,-106.413845,23.212621
2931,12,MAZATLAN,21,6,URBANA,2,-106.415363,23.212345
2932,12,MAZATLAN,21,6,URBANA,2,-106.416856,23.212188
2933,12,MAZATLAN,21,6,URBANA,2,-106.41904,23.211397
2934,12,MAZATLAN,21,6,URBANA,2,-106.416256,23.210684
2935,12,MAZATLAN,21,6,URBANA,2,-106.415082,23.211133
2936,12,MAZATLAN,21,6,URBANA,2,-106.414107,23.210872
2937,12,MAZATLAN,21,6,URBANA,2,-106.412671,23.211614
2938,12,MAZATLAN,21,6,URBANA,2,-106.412272,23.213211
2939,12,MAZATLAN,21,6,URBANA,2,-106.410776,23.213482
2940,12,MAZATLAN,21,6,URBANA,2,-106.409718,23.211415
2941,12,MAZATLAN,21,6,URBANA,2,-106.41162,23.21198
2942,12,MAZATLAN,21,6,URBANA,2,-106.412931,23.21023
2943,12,MAZATLAN,21,6,URBANA,2,-106.415444,23.210161
2944,12,MAZATLAN,21,6,URBANA,2,-106.413984,23.209319
2945,12,MAZATLAN,21,6,URBANA,2,-106.412535,23.208612
2946,12,MAZATLAN,21,6,URBANA,2,-106.412005,23.210076
2947,12,MAZATLAN,21,6,URBANA,2,-106.410861,23.209034
2948,12,MAZATLAN,20,1,URBANA,2,-106.372717,23.260995
2949,12,MAZATLAN,20,1,URBANA,2,-106.370808,23.266587
2950,12,MAZATLAN,20,1,URBANA,2,-106.369108,23.265126
2951,12,MAZATLAN,20,1,URBANA,2,-106.366611,23.260988
2953,12,MAZATLAN,20,1,RURAL,4,-106.007994,23.780921
2955,12,MAZATLAN,20,1,RURAL,4,-106.118016,23.66572
2956,12,MAZATLAN,20,1,RURAL,4,-106.222089,23.572191
2957,12,MAZATLAN,20,6,RURAL,4,-106.456218,23.657156
2958,12,MAZATLAN,20,6,MIXTA,3,-106.593443,23.544819
2959,12,MAZATLAN,20,6,MIXTA,3,-106.561881,23.530767
2960,12,MAZATLAN,20,6,MIXTA,3,-106.576769,23.468295
2961,12,MAZATLAN,20,6,MIXTA,3,-106.528581,23.576953
2962,12,MAZATLAN,20,6,MIXTA,3,-106.465506,23.576767
2963,12,MAZATLAN,20,6,URBANA,2,-106.468577,23.558583
2964,12,MAZATLAN,20,6,RURAL,4,-106.420596,23.596378
2965,12,MAZATLAN,20,6,RURAL,4,-106.38751,23.510528
2966,12,MAZATLAN,20,6,MIXTA,3,-106.329366,23.570779
2967,12,MAZATLAN,20,6,MIXTA,3,-106.293818,23.490035
2968,12,MAZATLAN,20,1,RURAL,4,-106.255242,23.567754
2969,12,MAZATLAN,20,1,RURAL,4,-106.21975,23.520541
2970,12,MAZATLAN,20,1,RURAL,4,-106.236448,23.475931
2971,12,MAZATLAN,20,6,RURAL,4,-106.341042,23.455567
2973,12,MAZATLAN,20,6,RURAL,4,-106.453729,23.463015
2974,12,MAZATLAN,20,6,RURAL,4,-106.484427,23.518876
2975,12,MAZATLAN,20,6,RURAL,4,-106.518482,23.450485
2976,12,MAZATLAN,20,6,RURAL,4,-106.475512,23.400202
2977,12,MAZATLAN,20,6,RURAL,4,-106.396228,23.441817
2978,12,MAZATLAN,20,1,RURAL,4,-106.264781,23.43341
2979,12,MAZATLAN,20,1,MIXTA,3,-106.255486,23.381277
2982,12,MAZATLAN,20,1,RURAL,4,-106.32094,23.375324
2983,12,MAZATLAN,20,6,RURAL,4,-106.375555,23.381309
2984,12,MAZATLAN,20,6,MIXTA,3,-106.401954,23.333294
2985,12,MAZATLAN,20,6,MIXTA,3,-106.451398,23.354389
2987,12,MAZATLAN,21,6,MIXTA,3,-106.418526,23.276723
2989,12,MAZATLAN,20,1,MIXTA,3,-106.379957,23.315365
2990,12,MAZATLAN,20,1,RURAL,4,-106.319811,23.306782
2991,12,MAZATLAN,20,1,RURAL,4,-106.26404,23.341454
2992,12,MAZATLAN,20,1,RURAL,4,-106.266464,23.292451
2993,12,MAZATLAN,20,1,URBANA,2,-106.239876,23.338186
2994,12,MAZATLAN,20,1,URBANA,2,-106.240729,23.346736
2996,12,MAZATLAN,23,1,URBANA,2,-106.401102,23.221384
2997,13,MOCORITO,6,3,URBANA,2,-107.925922,25.48645
2999,13,MOCORITO,6,3,URBANA,2,-107.913483,25.484897
3000,13,MOCORITO,6,3,URBANA,2,-107.915694,25.481796
3001,13,MOCORITO,6,3,URBANA,2,-107.919692,25.481902
3002,13,MOCORITO,6,3,URBANA,2,-107.922335,25.48261
3003,13,MOCORITO,6,3,URBANA,2,-107.924832,25.482825
3004,13,MOCORITO,6,3,URBANA,2,-107.930468,25.482757
3005,13,MOCORITO,6,3,URBANA,2,-107.931199,25.477713
3006,13,MOCORITO,6,3,URBANA,2,-107.921629,25.480227
3007,13,MOCORITO,6,3,URBANA,2,-107.917364,25.477871
3008,13,MOCORITO,6,3,URBANA,2,-107.91136,25.47732
3009,13,MOCORITO,6,3,URBANA,2,-107.922052,25.476103
3010,13,MOCORITO,6,3,RURAL,4,-108.030291,25.62966
3012,13,MOCORITO,6,3,RURAL,4,-107.99882,25.6156
3014,13,MOCORITO,6,3,URBANA,2,-107.95836,25.656045
3015,13,MOCORITO,6,3,MIXTA,3,-107.936418,25.662369
3016,13,MOCORITO,6,3,RURAL,4,-107.889323,25.678905
3017,13,MOCORITO,6,3,RURAL,4,-107.84304,25.69381
3018,13,MOCORITO,6,3,RURAL,4,-107.748832,25.731645
3020,13,MOCORITO,6,3,RURAL,4,-107.672023,25.734436
3021,13,MOCORITO,6,3,RURAL,4,-107.748867,25.686905
3022,13,MOCORITO,6,3,RURAL,4,-107.798866,25.674062
3023,13,MOCORITO,6,3,MIXTA,3,-107.864061,25.646065
3024,13,MOCORITO,6,3,URBANA,2,-107.883726,25.641931
3025,13,MOCORITO,6,3,URBANA,2,-107.959862,25.594285
3026,13,MOCORITO,6,3,MIXTA,3,-107.946554,25.60558
3027,13,MOCORITO,6,3,MIXTA,3,-107.957322,25.623638
3028,13,MOCORITO,6,3,RURAL,4,-108.012743,25.565447
3029,13,MOCORITO,6,3,RURAL,4,-107.945823,25.567968
3031,13,MOCORITO,6,3,URBANA,2,-107.868566,25.611443
3032,13,MOCORITO,6,3,MIXTA,3,-107.889071,25.609633
3034,13,MOCORITO,6,3,RURAL,4,-107.643604,25.676386
3035,13,MOCORITO,6,3,RURAL,4,-107.706208,25.672044
3039,13,MOCORITO,6,3,MIXTA,3,-107.753772,25.627651
3040,13,MOCORITO,6,3,URBANA,2,-107.87434,25.568539
3041,13,MOCORITO,6,3,URBANA,2,-107.873807,25.575769
3042,13,MOCORITO,6,3,MIXTA,3,-107.83854,25.596772
3043,13,MOCORITO,6,3,RURAL,4,-107.889473,25.540596
3046,13,MOCORITO,6,3,RURAL,4,-107.653827,25.597187
3047,13,MOCORITO,6,3,URBANA,2,-107.766851,25.542061
3048,13,MOCORITO,6,3,MIXTA,3,-107.742778,25.57506
3050,13,MOCORITO,6,3,RURAL,4,-107.83178,25.519019
3051,13,MOCORITO,6,3,RURAL,4,-107.862849,25.43983
3052,13,MOCORITO,6,3,RURAL,4,-107.913085,25.499923
3053,13,MOCORITO,6,3,RURAL,4,-107.945952,25.501765
3054,13,MOCORITO,6,3,RURAL,4,-107.949612,25.468571
3055,13,MOCORITO,6,3,RURAL,4,-107.967819,25.446056
3057,13,MOCORITO,6,3,MIXTA,3,-107.922435,25.388362
3058,13,MOCORITO,6,3,MIXTA,3,-107.915587,25.42731
3059,13,MOCORITO,6,3,RURAL,4,-107.815721,25.463303
3060,13,MOCORITO,6,3,RURAL,4,-107.779111,25.432787
3061,13,MOCORITO,6,3,RURAL,4,-107.754078,25.494263
3063,13,MOCORITO,6,3,RURAL,4,-107.704728,25.481158
3065,13,MOCORITO,6,3,URBANA,2,-107.880815,25.398272
3066,13,MOCORITO,6,3,URBANA,2,-107.876521,25.400573
3067,13,MOCORITO,6,3,URBANA,2,-107.872406,25.386012
3068,13,MOCORITO,6,3,URBANA,2,-107.866798,25.387571
3069,13,MOCORITO,6,3,MIXTA,3,-107.845259,25.375618
3070,13,MOCORITO,6,3,MIXTA,3,-107.809011,25.36379
3071,13,MOCORITO,6,3,MIXTA,3,-107.880669,25.351438
3072,13,MOCORITO,6,3,RURAL,4,-107.750791,25.397224
3075,13,MOCORITO,6,3,RURAL,4,-107.777035,25.337588
3076,13,MOCORITO,6,3,RURAL,4,-107.84081,25.306133
3079,13,MOCORITO,6,3,RURAL,4,-107.77054,25.283118
3082,13,MOCORITO,6,3,RURAL,4,-107.818136,25.216718
3083,13,MOCORITO,6,3,RURAL,4,-107.718472,25.209955
3084,13,MOCORITO,6,3,RURAL,4,-107.643194,25.190261
3086,13,MOCORITO,6,3,RURAL,4,-107.579299,25.154883
3087,13,MOCORITO,6,3,RURAL,4,-107.625065,25.174854
3088,13,MOCORITO,6,3,RURAL,4,-107.697433,25.152096
3089,13,MOCORITO,6,3,MIXTA,3,-107.887251,25.121352
3090,13,MOCORITO,6,3,MIXTA,3,-107.858664,25.14593
3091,13,MOCORITO,6,3,MIXTA,3,-107.902983,25.09173
3092,13,MOCORITO,6,3,RURAL,4,-107.76143,25.101798
3093,13,MOCORITO,6,3,RURAL,4,-107.633709,25.099943
3094,13,MOCORITO,6,3,RURAL,4,-107.560313,25.090153
3095,13,MOCORITO,6,3,RURAL,4,-107.661465,25.105733
3096,13,MOCORITO,6,3,MIXTA,3,-107.731523,25.077235
3097,13,MOCORITO,6,3,MIXTA,3,-107.701312,25.098695
3098,13,MOCORITO,6,3,URBANA,2,-107.697925,25.085023
3099,13,MOCORITO,6,3,MIXTA,3,-107.689463,25.080842
3100,13,MOCORITO,6,3,URBANA,2,-107.698827,25.082272
3101,13,MOCORITO,6,3,URBANA,2,-107.705343,25.082757
3102,13,MOCORITO,6,3,URBANA,2,-107.704345,25.080521
3103,13,MOCORITO,6,3,URBANA,2,-107.699102,25.080377
3104,13,MOCORITO,6,3,URBANA,2,-107.696502,25.080203
3105,13,MOCORITO,6,3,MIXTA,3,-107.687418,25.063944
3106,13,MOCORITO,6,3,URBANA,2,-107.702269,25.07783
3107,13,MOCORITO,6,3,MIXTA,3,-107.710267,25.056227
3108,13,MOCORITO,6,3,URBANA,2,-107.842847,25.093017
3109,13,MOCORITO,6,3,MIXTA,3,-107.82403,25.096011
3111,13,MOCORITO,6,3,RURAL,4,-107.622706,25.043499
3113,13,MOCORITO,6,3,MIXTA,3,-107.894642,25.051408
3114,13,MOCORITO,6,3,URBANA,2,-107.897708,25.045142
3115,13,MOCORITO,6,3,MIXTA,3,-107.865047,25.052641
3116,13,MOCORITO,6,3,RURAL,4,-107.79632,25.026017
3117,13,MOCORITO,6,3,RURAL,4,-107.70356,25.011505
3119,13,MOCORITO,6,3,RURAL,4,-107.665217,25.021075
3120,13,MOCORITO,6,3,MIXTA,3,-107.735225,25.019732
3121,13,MOCORITO,6,3,MIXTA,3,-107.713807,24.974817
3122,13,MOCORITO,6,3,URBANA,2,-107.732564,24.991657
3123,13,MOCORITO,6,3,URBANA,2,-107.728346,24.988611
3124,13,MOCORITO,6,3,URBANA,2,-107.746757,24.950017
3125,13,MOCORITO,6,3,MIXTA,3,-107.749558,24.964298
3126,13,MOCORITO,6,3,URBANA,2,-107.748627,24.955477
3127,13,MOCORITO,6,3,MIXTA,3,-107.768222,24.976748
3128,13,MOCORITO,6,3,MIXTA,3,-107.726999,24.951009
3129,13,MOCORITO,6,3,MIXTA,3,-107.689392,24.948099
3130,13,MOCORITO,6,3,RURAL,4,-107.618684,24.981597
3131,14,ROSARIO,24,1,URBANA,2,-105.866167,22.995127
3132,14,ROSARIO,24,1,MIXTA,3,-105.874995,23.021785
3133,14,ROSARIO,24,1,URBANA,2,-105.858539,22.9969
3134,14,ROSARIO,24,1,MIXTA,3,-105.856653,23.001065
3135,14,ROSARIO,24,1,URBANA,2,-105.853871,22.997195
3136,14,ROSARIO,24,1,URBANA,2,-105.853819,22.995835
3137,14,ROSARIO,24,1,URBANA,2,-105.855983,22.993626
3138,14,ROSARIO,24,1,URBANA,2,-105.867043,22.987264
3139,14,ROSARIO,24,1,URBANA,2,-105.861535,22.988352
3140,14,ROSARIO,24,1,URBANA,2,-105.860706,22.984884
3141,14,ROSARIO,24,1,URBANA,2,-105.856914,22.990231
3142,14,ROSARIO,24,1,URBANA,2,-105.854603,22.992636
3143,14,ROSARIO,24,1,URBANA,2,-105.851724,22.993496
3144,14,ROSARIO,24,1,URBANA,2,-105.852535,22.990257
3145,14,ROSARIO,24,1,URBANA,2,-105.854594,22.989385
3146,14,ROSARIO,24,1,URBANA,2,-105.85565,22.987107
3147,14,ROSARIO,24,1,URBANA,2,-105.859518,22.983315
3148,14,ROSARIO,24,1,URBANA,2,-105.855947,22.98083
3149,14,ROSARIO,24,1,URBANA,2,-105.852924,22.984682
3150,14,ROSARIO,24,1,URBANA,2,-105.852016,22.987523
3151,14,ROSARIO,24,1,RURAL,4,-105.873292,23.220911
3152,14,ROSARIO,24,1,RURAL,4,-105.917931,23.267157
3154,14,ROSARIO,24,1,RURAL,4,-105.641796,23.110867
3155,14,ROSARIO,24,1,RURAL,4,-105.480297,23.048646
3158,14,ROSARIO,24,1,RURAL,4,-105.61221,23.046507
3159,14,ROSARIO,24,1,RURAL,4,-105.708404,23.069294
3161,14,ROSARIO,24,1,URBANA,2,-105.83943,23.07321
3162,14,ROSARIO,24,1,MIXTA,3,-105.847714,23.111694
3163,14,ROSARIO,24,1,MIXTA,3,-105.755644,23.176736
3164,14,ROSARIO,24,1,MIXTA,3,-105.881198,23.098028
3165,14,ROSARIO,24,1,RURAL,4,-105.939819,23.088733
3166,14,ROSARIO,24,1,RURAL,4,-105.983319,23.088838
3167,14,ROSARIO,24,1,RURAL,4,-106.012777,23.100737
3168,14,ROSARIO,24,1,RURAL,4,-106.034335,23.105331
3169,14,ROSARIO,24,1,RURAL,4,-106.087302,23.009001
3170,14,ROSARIO,24,1,RURAL,4,-106.137012,23.084767
3171,14,ROSARIO,24,1,RURAL,4,-106.228105,23.062765
3172,14,ROSARIO,24,1,RURAL,4,-106.183503,23.019524
3173,14,ROSARIO,24,1,RURAL,4,-106.02071,22.997743
3174,14,ROSARIO,24,1,RURAL,4,-105.998494,23.038657
3175,14,ROSARIO,24,1,RURAL,4,-105.966736,23.044144
3177,14,ROSARIO,24,1,MIXTA,3,-105.920057,23.02582
3178,14,ROSARIO,24,1,MIXTA,3,-105.950486,23.003207
3179,14,ROSARIO,24,1,RURAL,4,-105.826353,23.041686
3180,14,ROSARIO,24,1,RURAL,4,-105.793058,23.053261
3181,14,ROSARIO,24,1,RURAL,4,-105.768665,23.02375
3182,14,ROSARIO,24,1,RURAL,4,-105.715968,23.025745
3183,14,ROSARIO,24,1,RURAL,4,-105.635922,22.975831
3184,14,ROSARIO,24,1,RURAL,4,-105.566531,22.907278
3185,14,ROSARIO,24,1,RURAL,4,-105.720391,22.965928
3186,14,ROSARIO,24,1,RURAL,4,-105.813985,22.98883
3187,14,ROSARIO,24,1,RURAL,4,-105.887991,22.9734
3188,14,ROSARIO,24,1,RURAL,4,-105.934635,22.973498
3189,14,ROSARIO,24,1,RURAL,4,-105.956096,22.940986
3190,14,ROSARIO,24,1,RURAL,4,-106.15062,23.007044
3191,14,ROSARIO,24,1,RURAL,4,-106.14615,22.981048
3192,14,ROSARIO,24,1,RURAL,4,-105.933757,22.929544
3193,14,ROSARIO,24,1,RURAL,4,-105.916919,22.944991
3194,14,ROSARIO,24,1,RURAL,4,-105.862906,22.930618
3195,14,ROSARIO,24,1,RURAL,4,-105.832651,22.910335
3196,14,ROSARIO,24,1,RURAL,4,-105.790439,22.938412
3199,14,ROSARIO,24,1,RURAL,4,-105.879016,22.913494
3200,14,ROSARIO,24,1,RURAL,4,-105.894681,22.86123
3201,14,ROSARIO,24,1,MIXTA,3,-105.923202,22.918216
3202,14,ROSARIO,24,1,URBANA,2,-105.910967,22.917016
3203,14,ROSARIO,24,1,URBANA,2,-105.906913,22.913295
3204,14,ROSARIO,24,1,URBANA,2,-105.912972,22.909327
3205,14,ROSARIO,24,1,URBANA,2,-105.932948,22.905764
3206,14,ROSARIO,24,1,URBANA,2,-105.925786,22.887407
3207,14,ROSARIO,24,1,RURAL,4,-105.953461,22.905654
3208,14,ROSARIO,24,1,RURAL,4,-106.107544,22.930656
3209,14,ROSARIO,24,1,URBANA,2,-105.976003,22.894546
3210,14,ROSARIO,24,1,URBANA,2,-105.973173,22.894666
3211,14,ROSARIO,24,1,URBANA,2,-105.968959,22.89411
3212,14,ROSARIO,24,1,URBANA,2,-105.969122,22.891349
3213,14,ROSARIO,24,1,URBANA,2,-105.971967,22.889994
3214,14,ROSARIO,24,1,MIXTA,3,-106.01688,22.874859
3215,14,ROSARIO,24,1,URBANA,2,-105.978227,22.890143
3216,14,ROSARIO,24,1,MIXTA,3,-105.993227,22.835864
3217,14,ROSARIO,24,1,URBANA,2,-105.951563,22.884586
3218,14,ROSARIO,24,1,URBANA,2,-105.938085,22.857352
3219,14,ROSARIO,24,1,URBANA,2,-105.952238,22.849557
3220,15,SALVADOR ALVARADO,9,3,URBANA,2,-108.092714,25.480026
3221,15,SALVADOR ALVARADO,9,3,URBANA,2,-108.092019,25.47389
3222,15,SALVADOR ALVARADO,9,3,MIXTA,3,-108.06744,25.496576
3223,15,SALVADOR ALVARADO,9,3,URBANA,2,-108.078932,25.475503
3224,15,SALVADOR ALVARADO,9,3,URBANA,2,-108.073423,25.480295
3225,15,SALVADOR ALVARADO,9,3,URBANA,2,-108.066703,25.471367
3226,15,SALVADOR ALVARADO,9,3,URBANA,2,-108.06783,25.470039
3227,15,SALVADOR ALVARADO,9,3,URBANA,2,-108.067488,25.468515
3228,15,SALVADOR ALVARADO,9,3,URBANA,2,-108.071285,25.471929
3229,15,SALVADOR ALVARADO,9,3,URBANA,2,-108.073403,25.474571
3230,15,SALVADOR ALVARADO,9,3,URBANA,2,-108.075043,25.473665
3231,15,SALVADOR ALVARADO,9,3,URBANA,2,-108.081777,25.473426
3232,15,SALVADOR ALVARADO,9,3,URBANA,2,-108.078911,25.471342
3233,15,SALVADOR ALVARADO,9,3,URBANA,2,-108.075904,25.470771
3234,15,SALVADOR ALVARADO,9,3,URBANA,2,-108.073692,25.469214
3235,15,SALVADOR ALVARADO,9,3,URBANA,2,-108.070679,25.468336
3236,15,SALVADOR ALVARADO,9,3,URBANA,2,-108.068081,25.467154
3237,15,SALVADOR ALVARADO,9,3,URBANA,2,-108.067192,25.464761
3238,15,SALVADOR ALVARADO,9,3,URBANA,2,-108.064873,25.463535
3239,15,SALVADOR ALVARADO,9,3,URBANA,2,-108.060327,25.462194
3241,15,SALVADOR ALVARADO,9,3,URBANA,2,-108.083229,25.471165
3242,15,SALVADOR ALVARADO,9,3,URBANA,2,-108.077603,25.467632
3243,15,SALVADOR ALVARADO,9,3,URBANA,2,-108.075282,25.467363
3244,15,SALVADOR ALVARADO,9,3,URBANA,2,-108.073668,25.466612
3245,15,SALVADOR ALVARADO,9,3,URBANA,2,-108.071277,25.465517
3246,15,SALVADOR ALVARADO,9,3,URBANA,2,-108.072609,25.464057
3247,15,SALVADOR ALVARADO,9,3,URBANA,2,-108.075796,25.465545
3248,15,SALVADOR ALVARADO,9,3,URBANA,2,-108.080405,25.467562
3249,15,SALVADOR ALVARADO,9,3,URBANA,2,-108.085015,25.47012
3250,15,SALVADOR ALVARADO,9,3,URBANA,2,-108.085891,25.46814
3251,15,SALVADOR ALVARADO,9,3,URBANA,2,-108.08124,25.465999
3252,15,SALVADOR ALVARADO,9,3,URBANA,2,-108.079197,25.465046
3253,15,SALVADOR ALVARADO,9,3,URBANA,2,-108.077183,25.46311
3254,15,SALVADOR ALVARADO,9,3,URBANA,2,-108.074796,25.461973
3255,15,SALVADOR ALVARADO,9,3,URBANA,2,-108.072817,25.461051
3256,15,SALVADOR ALVARADO,9,3,URBANA,2,-108.069567,25.460545
3257,15,SALVADOR ALVARADO,9,3,URBANA,2,-108.064033,25.458179
3258,15,SALVADOR ALVARADO,9,3,URBANA,2,-108.067407,25.458185
3259,15,SALVADOR ALVARADO,9,3,URBANA,2,-108.070769,25.458936
3260,15,SALVADOR ALVARADO,9,3,URBANA,2,-108.080077,25.463426
3262,15,SALVADOR ALVARADO,9,3,URBANA,2,-108.082921,25.464756
3263,15,SALVADOR ALVARADO,9,3,URBANA,2,-108.094464,25.468816
3265,15,SALVADOR ALVARADO,9,3,URBANA,2,-108.084355,25.462445
3267,15,SALVADOR ALVARADO,9,3,URBANA,2,-108.081701,25.460977
3268,15,SALVADOR ALVARADO,9,3,URBANA,2,-108.079096,25.459867
3269,15,SALVADOR ALVARADO,9,3,URBANA,2,-108.075899,25.458348
3270,15,SALVADOR ALVARADO,9,3,URBANA,2,-108.072697,25.457016
3271,15,SALVADOR ALVARADO,9,3,URBANA,2,-108.070465,25.455763
3272,15,SALVADOR ALVARADO,9,3,URBANA,2,-108.069164,25.4545
3273,15,SALVADOR ALVARADO,9,3,URBANA,2,-108.067699,25.453684
3274,15,SALVADOR ALVARADO,9,3,URBANA,2,-108.068672,25.449836
3275,15,SALVADOR ALVARADO,9,3,URBANA,2,-108.061697,25.45441
3276,15,SALVADOR ALVARADO,9,3,URBANA,2,-108.059987,25.449464
3277,15,SALVADOR ALVARADO,9,3,URBANA,2,-108.056448,25.447091
3278,15,SALVADOR ALVARADO,9,3,URBANA,2,-108.058735,25.444982
3279,15,SALVADOR ALVARADO,9,3,URBANA,2,-108.060554,25.442422
3280,15,SALVADOR ALVARADO,9,3,URBANA,2,-108.062254,25.444172
3281,15,SALVADOR ALVARADO,9,3,URBANA,2,-108.062731,25.446166
3282,15,SALVADOR ALVARADO,9,3,URBANA,2,-108.064413,25.447942
3283,15,SALVADOR ALVARADO,9,3,URBANA,2,-108.067177,25.447511
3284,15,SALVADOR ALVARADO,9,3,URBANA,2,-108.066749,25.445246
3285,15,SALVADOR ALVARADO,9,3,URBANA,2,-108.066081,25.443038
3286,15,SALVADOR ALVARADO,9,3,URBANA,2,-108.063697,25.441789
3287,15,SALVADOR ALVARADO,9,3,URBANA,2,-108.054628,25.43492
3288,15,SALVADOR ALVARADO,9,3,URBANA,2,-108.074749,25.451451
3289,15,SALVADOR ALVARADO,9,3,URBANA,2,-108.077093,25.454805
3290,15,SALVADOR ALVARADO,9,3,URBANA,2,-108.079074,25.455695
3291,15,SALVADOR ALVARADO,9,3,URBANA,2,-108.080559,25.457445
3292,15,SALVADOR ALVARADO,9,3,URBANA,2,-108.081517,25.455801
3293,15,SALVADOR ALVARADO,9,3,URBANA,2,-108.083048,25.457558
3294,15,SALVADOR ALVARADO,9,3,URBANA,2,-108.085049,25.458485
3295,15,SALVADOR ALVARADO,9,3,URBANA,2,-108.087589,25.459726
3296,15,SALVADOR ALVARADO,9,3,URBANA,2,-108.09036,25.461832
3297,15,SALVADOR ALVARADO,9,3,URBANA,2,-108.092843,25.461225
3298,15,SALVADOR ALVARADO,9,3,URBANA,2,-108.091054,25.459595
3299,15,SALVADOR ALVARADO,9,3,URBANA,2,-108.090157,25.456898
3300,15,SALVADOR ALVARADO,9,3,URBANA,2,-108.087662,25.456408
3301,15,SALVADOR ALVARADO,9,3,URBANA,2,-108.084995,25.455419
3302,15,SALVADOR ALVARADO,9,3,URBANA,2,-108.082022,25.453987
3303,15,SALVADOR ALVARADO,9,3,URBANA,2,-108.079628,25.452176
3304,15,SALVADOR ALVARADO,9,3,URBANA,2,-108.075382,25.446834
3305,15,SALVADOR ALVARADO,9,3,URBANA,2,-108.07095,25.447412
3306,15,SALVADOR ALVARADO,9,3,URBANA,2,-108.069598,25.443056
3307,15,SALVADOR ALVARADO,9,3,URBANA,2,-108.074691,25.433722
3308,15,SALVADOR ALVARADO,9,3,URBANA,2,-108.070607,25.440333
3309,15,SALVADOR ALVARADO,9,3,URBANA,2,-108.07204,25.443433
3310,15,SALVADOR ALVARADO,9,3,URBANA,2,-108.082896,25.452341
3311,15,SALVADOR ALVARADO,9,3,URBANA,2,-108.087266,25.454341
3312,15,SALVADOR ALVARADO,9,3,URBANA,2,-108.093367,25.454669
3313,15,SALVADOR ALVARADO,9,3,URBANA,2,-108.095489,25.454934
3314,15,SALVADOR ALVARADO,9,3,MIXTA,3,-108.102596,25.460788
3315,15,SALVADOR ALVARADO,9,3,URBANA,2,-108.092319,25.452602
3316,15,SALVADOR ALVARADO,9,3,URBANA,2,-108.089567,25.452832
3317,15,SALVADOR ALVARADO,9,3,URBANA,2,-108.087976,25.452103
3318,15,SALVADOR ALVARADO,9,3,URBANA,2,-108.08638,25.451375
3319,15,SALVADOR ALVARADO,9,3,URBANA,2,-108.085378,25.449647
3320,15,SALVADOR ALVARADO,9,3,URBANA,2,-108.080899,25.449336
3321,15,SALVADOR ALVARADO,9,3,URBANA,2,-108.074412,25.443597
3322,15,SALVADOR ALVARADO,9,3,URBANA,2,-108.072768,25.440473
3323,15,SALVADOR ALVARADO,9,3,URBANA,2,-108.089461,25.450213
3324,15,SALVADOR ALVARADO,9,3,MIXTA,3,-108.091444,25.445679
3325,15,SALVADOR ALVARADO,9,3,RURAL,4,-108.182492,25.582732
3326,15,SALVADOR ALVARADO,9,3,RURAL,4,-108.149809,25.611323
3327,15,SALVADOR ALVARADO,9,3,RURAL,4,-108.116588,25.602556
3328,15,SALVADOR ALVARADO,9,3,RURAL,4,-108.148883,25.579403
3329,15,SALVADOR ALVARADO,9,3,MIXTA,3,-108.012071,25.520217
3330,15,SALVADOR ALVARADO,9,3,MIXTA,3,-108.068985,25.596454
3331,15,SALVADOR ALVARADO,9,3,RURAL,4,-108.096041,25.553659
3332,15,SALVADOR ALVARADO,9,3,URBANA,2,-108.174054,25.559459
3333,15,SALVADOR ALVARADO,9,3,URBANA,2,-108.193049,25.547106
3334,15,SALVADOR ALVARADO,9,3,RURAL,4,-108.161899,25.517252
3335,15,SALVADOR ALVARADO,9,3,RURAL,4,-108.124383,25.534606
3336,15,SALVADOR ALVARADO,9,3,URBANA,2,-108.16854,25.48705
3337,15,SALVADOR ALVARADO,9,3,URBANA,2,-108.164891,25.487706
3338,15,SALVADOR ALVARADO,9,3,URBANA,2,-108.162304,25.48376
3339,15,SALVADOR ALVARADO,9,3,URBANA,2,-108.16022,25.482429
3340,15,SALVADOR ALVARADO,9,3,URBANA,2,-108.157526,25.482298
3341,15,SALVADOR ALVARADO,9,3,URBANA,2,-108.154669,25.479173
3342,15,SALVADOR ALVARADO,9,3,URBANA,2,-108.152962,25.475479
3343,15,SALVADOR ALVARADO,9,3,MIXTA,3,-108.147862,25.481149
3344,15,SALVADOR ALVARADO,9,3,URBANA,2,-108.161271,25.477615
3345,15,SALVADOR ALVARADO,9,3,URBANA,2,-108.163586,25.478042
3346,15,SALVADOR ALVARADO,9,3,URBANA,2,-108.165839,25.481544
3347,15,SALVADOR ALVARADO,9,3,URBANA,2,-108.169469,25.480731
3348,15,SALVADOR ALVARADO,9,3,MIXTA,3,-108.17941,25.477776
3349,15,SALVADOR ALVARADO,9,3,URBANA,2,-108.166349,25.478535
3350,15,SALVADOR ALVARADO,9,3,RURAL,4,-108.259752,25.413182
3351,15,SALVADOR ALVARADO,9,3,MIXTA,3,-108.195913,25.455053
3352,15,SALVADOR ALVARADO,9,3,MIXTA,3,-108.175766,25.438987
3353,15,SALVADOR ALVARADO,9,3,MIXTA,3,-108.128884,25.456706
3354,15,SALVADOR ALVARADO,9,3,URBANA,2,-108.130441,25.435058
3355,15,SALVADOR ALVARADO,9,3,RURAL,4,-108.028687,25.459133
3356,15,SALVADOR ALVARADO,9,3,RURAL,4,-108.037454,25.412141
3357,15,SALVADOR ALVARADO,9,3,RURAL,4,-108.220547,25.416357
3358,15,SALVADOR ALVARADO,9,3,RURAL,4,-108.288349,25.408308
3359,15,SALVADOR ALVARADO,9,3,RURAL,4,-108.027788,25.372193
3360,15,SALVADOR ALVARADO,9,3,RURAL,4,-107.962145,25.380325
3361,15,SALVADOR ALVARADO,9,3,RURAL,4,-107.964501,25.314659
3362,15,SALVADOR ALVARADO,9,3,RURAL,4,-107.996902,25.346528
3363,15,SALVADOR ALVARADO,9,3,RURAL,4,-108.022581,25.292724
3365,15,SALVADOR ALVARADO,9,3,RURAL,4,-107.932,25.293319
3366,15,SALVADOR ALVARADO,9,3,RURAL,4,-107.889784,25.233766
3367,15,SALVADOR ALVARADO,9,3,RURAL,4,-107.947292,25.23219
3368,15,SALVADOR ALVARADO,9,3,RURAL,4,-107.969118,25.230302
3370,16,SAN IGNACIO,19,6,MIXTA,3,-106.422466,23.91957
3371,16,SAN IGNACIO,19,6,MIXTA,3,-106.471237,23.969976
3372,16,SAN IGNACIO,19,6,MIXTA,3,-106.30031,23.974722
3373,16,SAN IGNACIO,19,6,URBANA,2,-106.423214,23.945336
3374,16,SAN IGNACIO,19,6,URBANA,2,-106.417314,23.944365
3379,16,SAN IGNACIO,19,6,RURAL,4,-106.087255,24.075006
3382,16,SAN IGNACIO,19,6,RURAL,4,-106.611312,24.099588
3383,16,SAN IGNACIO,19,6,RURAL,4,-106.568124,24.024472
3384,16,SAN IGNACIO,19,6,RURAL,4,-106.498413,24.104647
3385,16,SAN IGNACIO,19,6,RURAL,4,-106.2988,24.222298
3387,16,SAN IGNACIO,19,6,RURAL,4,-106.088334,23.88108
3392,16,SAN IGNACIO,19,6,RURAL,4,-106.642467,23.965406
3393,16,SAN IGNACIO,19,6,RURAL,4,-106.581197,23.969016
3394,16,SAN IGNACIO,19,6,RURAL,4,-106.500791,23.920053
3395,16,SAN IGNACIO,19,6,RURAL,4,-106.388525,23.925744
3396,16,SAN IGNACIO,19,6,RURAL,4,-106.248039,23.821604
3397,16,SAN IGNACIO,19,6,RURAL,4,-106.371479,23.880989
3398,16,SAN IGNACIO,19,6,RURAL,4,-106.50953,23.883411
3399,16,SAN IGNACIO,19,6,RURAL,4,-106.58523,23.880091
3400,16,SAN IGNACIO,19,6,RURAL,4,-106.67578,23.866775
3401,16,SAN IGNACIO,19,6,MIXTA,3,-106.689641,23.817966
3402,16,SAN IGNACIO,19,6,MIXTA,3,-106.638364,23.805355
3403,16,SAN IGNACIO,19,6,URBANA,2,-106.661236,23.830885
3404,16,SAN IGNACIO,19,6,RURAL,4,-106.622721,23.853322
3405,16,SAN IGNACIO,19,6,RURAL,4,-106.51076,23.82603
3406,16,SAN IGNACIO,19,6,RURAL,4,-106.390756,23.798892
3407,16,SAN IGNACIO,19,6,RURAL,4,-106.309735,23.698576
3408,16,SAN IGNACIO,19,6,RURAL,4,-106.506348,23.777232
3409,16,SAN IGNACIO,19,6,MIXTA,3,-106.590077,23.67075
3410,16,SAN IGNACIO,19,6,MIXTA,3,-106.612582,23.76086
3411,16,SAN IGNACIO,19,6,RURAL,4,-106.682437,23.723488
3412,16,SAN IGNACIO,19,6,URBANA,2,-106.796416,23.703001
3413,16,SAN IGNACIO,19,6,URBANA,2,-106.784452,23.723722
3414,16,SAN IGNACIO,19,6,URBANA,2,-106.781594,23.726842
3415,16,SAN IGNACIO,19,6,URBANA,2,-106.776468,23.725939
3416,16,SAN IGNACIO,19,6,MIXTA,3,-106.763495,23.709756
3417,16,SAN IGNACIO,19,6,RURAL,4,-106.797681,23.655628
3418,16,SAN IGNACIO,19,6,RURAL,4,-106.663555,23.585708
3419,16,SAN IGNACIO,19,6,RURAL,4,-106.528042,23.732356
3420,17,SINALOA,6,3,URBANA,2,-108.220799,25.829711
3421,17,SINALOA,6,3,URBANA,2,-108.217775,25.824791
3422,17,SINALOA,6,3,URBANA,2,-108.221092,25.825074
3423,17,SINALOA,6,3,URBANA,2,-108.224366,25.825101
3424,17,SINALOA,6,3,URBANA,2,-108.225018,25.818501
3425,17,SINALOA,6,3,URBANA,2,-108.229632,25.821097
3426,17,SINALOA,6,3,RURAL,4,-108.278618,26.183558
3427,17,SINALOA,6,3,RURAL,4,-107.975234,26.359448
3429,17,SINALOA,6,3,RURAL,4,-108.091584,26.233468
3430,17,SINALOA,6,3,RURAL,4,-108.457495,26.053444
3431,17,SINALOA,6,3,RURAL,4,-108.415194,25.995408
3432,17,SINALOA,6,3,RURAL,4,-108.345283,26.053818
3433,17,SINALOA,6,3,RURAL,4,-108.215367,26.105516
3434,17,SINALOA,6,3,RURAL,4,-108.117657,26.132046
3435,17,SINALOA,6,3,RURAL,4,-108.113244,26.085889
3436,17,SINALOA,6,3,RURAL,4,-107.875246,26.102715
3439,17,SINALOA,6,3,RURAL,4,-107.637954,26.036545
3441,17,SINALOA,6,3,RURAL,4,-108.004174,26.055267
3446,17,SINALOA,6,3,RURAL,4,-108.377577,25.984489
3447,17,SINALOA,6,3,RURAL,4,-108.394401,25.965067
3448,17,SINALOA,6,3,RURAL,4,-108.5565,26.071971
3450,17,SINALOA,6,3,RURAL,4,-108.55695,25.966421
3451,17,SINALOA,6,3,URBANA,2,-108.420511,25.945472
3452,17,SINALOA,6,3,MIXTA,3,-108.437742,25.964609
3453,17,SINALOA,6,3,RURAL,4,-108.3688,25.94059
3455,17,SINALOA,6,3,RURAL,4,-108.272821,26.023704
3456,17,SINALOA,6,3,RURAL,4,-108.169381,26.018192
3459,17,SINALOA,6,3,RURAL,4,-108.004465,25.959969
3461,17,SINALOA,6,3,RURAL,4,-107.690068,25.84253
3464,17,SINALOA,6,3,RURAL,4,-107.746079,25.77363
3465,17,SINALOA,6,3,RURAL,4,-107.784385,25.805472
3466,17,SINALOA,6,3,RURAL,4,-107.790377,25.871846
3467,17,SINALOA,6,3,RURAL,4,-107.869568,25.855107
3468,17,SINALOA,6,3,RURAL,4,-107.75794,25.961253
3469,17,SINALOA,6,3,RURAL,4,-107.938198,25.838268
3470,17,SINALOA,6,3,RURAL,4,-107.957556,25.799977
3471,17,SINALOA,6,3,RURAL,4,-107.974646,25.899942
3472,17,SINALOA,6,3,RURAL,4,-108.053411,25.936555
3473,17,SINALOA,6,3,RURAL,4,-108.086237,25.879729
3474,17,SINALOA,6,3,RURAL,4,-108.141241,25.938605
3475,17,SINALOA,6,3,RURAL,4,-108.201812,25.899069
3476,17,SINALOA,6,3,MIXTA,3,-108.284587,25.953692
3478,17,SINALOA,6,3,URBANA,2,-108.396947,25.941776
3479,17,SINALOA,6,3,URBANA,2,-108.393829,25.939045
3480,17,SINALOA,6,3,URBANA,2,-108.390617,25.938622
3481,17,SINALOA,6,3,URBANA,2,-108.395986,25.931173
3482,17,SINALOA,6,3,URBANA,2,-108.401449,25.934313
3483,17,SINALOA,6,3,RURAL,4,-108.444627,25.929664
3484,17,SINALOA,6,3,RURAL,4,-108.438877,25.925109
3485,17,SINALOA,6,3,RURAL,4,-108.42478,25.871726
3486,17,SINALOA,6,3,RURAL,4,-108.2754,25.890595
3487,17,SINALOA,6,3,RURAL,4,-108.288652,25.921776
3488,17,SINALOA,6,3,URBANA,2,-108.14381,25.874438
3489,17,SINALOA,6,3,URBANA,2,-108.156335,25.861158
3490,17,SINALOA,6,3,URBANA,2,-108.156771,25.867936
3491,17,SINALOA,6,3,RURAL,4,-108.139132,25.848165
3492,17,SINALOA,6,3,RURAL,4,-108.053089,25.872671
3493,17,SINALOA,6,3,RURAL,4,-107.827586,25.824444
3494,17,SINALOA,6,3,RURAL,4,-107.778964,25.763374
3496,17,SINALOA,6,3,RURAL,4,-107.839724,25.771233
3497,17,SINALOA,6,3,RURAL,4,-107.907868,25.756837
3498,17,SINALOA,6,3,RURAL,4,-108.020971,25.847172
3499,17,SINALOA,6,3,RURAL,4,-108.075172,25.826642
3500,17,SINALOA,6,3,RURAL,4,-108.114206,25.827778
3501,17,SINALOA,6,3,RURAL,4,-108.1201,25.864296
3502,17,SINALOA,6,3,RURAL,4,-108.127903,25.850625
3503,17,SINALOA,6,3,RURAL,4,-108.175919,25.855366
3504,17,SINALOA,6,3,RURAL,4,-108.202159,25.866956
3505,17,SINALOA,6,3,RURAL,4,-108.362699,25.910287
3506,17,SINALOA,6,3,RURAL,4,-108.359343,25.883148
3507,17,SINALOA,6,3,RURAL,4,-108.367308,25.845623
3508,17,SINALOA,6,3,RURAL,4,-108.409498,25.808932
3509,17,SINALOA,6,3,RURAL,4,-108.43955,25.824458
3510,17,SINALOA,6,3,RURAL,4,-108.511328,25.89012
3511,17,SINALOA,6,3,RURAL,4,-108.629205,25.855578
3512,17,SINALOA,6,3,RURAL,4,-108.569012,25.857772
3513,20,JUAN JOSE RIOS,6,3,RURAL,4,-108.743074,25.833507
3514,17,SINALOA,6,3,RURAL,4,-108.704124,25.816263
3515,17,SINALOA,6,3,RURAL,4,-108.615661,25.808228
3516,17,SINALOA,6,3,RURAL,4,-108.651035,25.839623
3517,17,SINALOA,6,3,RURAL,4,-108.639266,25.824204
3518,17,SINALOA,6,3,URBANA,2,-108.479097,25.812454
3519,17,SINALOA,6,3,URBANA,2,-108.47615,25.805405
3520,17,SINALOA,6,3,URBANA,2,-108.483927,25.806116
3521,17,SINALOA,6,3,URBANA,2,-108.486537,25.808246
3522,17,SINALOA,6,3,URBANA,2,-108.487405,25.804066
3523,17,SINALOA,6,3,URBANA,2,-108.484801,25.802953
3524,17,SINALOA,6,3,URBANA,2,-108.482079,25.80121
3525,17,SINALOA,6,3,URBANA,2,-108.481215,25.804698
3526,17,SINALOA,6,3,URBANA,2,-108.478382,25.80324
3527,17,SINALOA,6,3,URBANA,2,-108.477065,25.797782
3528,17,SINALOA,6,3,RURAL,4,-108.47742,25.838865
3529,17,SINALOA,6,3,MIXTA,3,-108.328414,25.813254
3530,17,SINALOA,6,3,RURAL,4,-108.3141,25.801243
3532,17,SINALOA,6,3,URBANA,2,-108.337685,25.875956
3533,17,SINALOA,6,3,MIXTA,3,-108.292499,25.854182
3534,17,SINALOA,6,3,RURAL,4,-108.276441,25.799414
3535,17,SINALOA,6,3,RURAL,4,-108.251967,25.81473
3536,17,SINALOA,6,3,RURAL,4,-108.194902,25.848919
3537,17,SINALOA,6,3,RURAL,4,-108.203742,25.844191
3538,17,SINALOA,6,3,RURAL,4,-108.208979,25.838127
3539,17,SINALOA,6,3,RURAL,4,-108.203331,25.825933
3540,17,SINALOA,6,3,RURAL,4,-108.145593,25.835697
3541,17,SINALOA,6,3,RURAL,4,-108.139455,25.836343
3542,17,SINALOA,6,3,MIXTA,3,-108.04061,25.793002
3543,17,SINALOA,6,3,MIXTA,3,-108.017678,25.748016
3544,17,SINALOA,6,3,MIXTA,3,-108.015162,25.776389
3545,17,SINALOA,6,3,RURAL,4,-107.957771,25.770015
3546,17,SINALOA,6,3,RURAL,4,-107.85807,25.742239
3547,17,SINALOA,6,3,RURAL,4,-107.877614,25.709118
3548,17,SINALOA,6,3,RURAL,4,-107.94292,25.733539
3549,17,SINALOA,6,3,RURAL,4,-107.918087,25.710438
3550,17,SINALOA,6,3,RURAL,4,-107.925162,25.706803
3551,17,SINALOA,6,3,RURAL,4,-107.922757,25.701514
3552,17,SINALOA,6,3,RURAL,4,-108.000732,25.697089
3553,17,SINALOA,6,3,RURAL,4,-107.996558,25.662201
3554,17,SINALOA,6,3,RURAL,4,-108.001233,25.673657
3555,17,SINALOA,6,3,RURAL,4,-108.00001,25.727159
3556,17,SINALOA,6,3,RURAL,4,-108.038871,25.691931
3557,17,SINALOA,6,3,RURAL,4,-108.090653,25.751466
3558,17,SINALOA,6,3,RURAL,4,-108.075734,25.747549
3559,17,SINALOA,6,3,RURAL,4,-108.084911,25.754325
3560,17,SINALOA,6,3,RURAL,4,-108.117915,25.797178
3561,17,SINALOA,6,3,RURAL,4,-108.144693,25.770231
3562,17,SINALOA,6,3,RURAL,4,-108.21193,25.816162
3563,17,SINALOA,6,3,RURAL,4,-108.195042,25.816064
3564,17,SINALOA,6,3,URBANA,2,-108.267056,25.789678
3565,17,SINALOA,6,3,MIXTA,3,-108.224168,25.797008
3566,17,SINALOA,6,3,MIXTA,3,-108.216471,25.781408
3567,17,SINALOA,6,3,RURAL,4,-108.297116,25.79105
3568,17,SINALOA,6,3,RURAL,4,-108.298401,25.778306
3569,17,SINALOA,6,3,RURAL,4,-108.281827,25.748138
3570,17,SINALOA,6,3,RURAL,4,-108.292569,25.75392
3571,17,SINALOA,6,3,RURAL,4,-108.278572,25.76864
3572,17,SINALOA,6,3,RURAL,4,-108.364898,25.782903
3573,17,SINALOA,6,3,RURAL,4,-108.535805,25.768612
3575,17,SINALOA,6,3,RURAL,4,-108.444102,25.779022
3576,17,SINALOA,6,3,RURAL,4,-108.489903,25.781375
3577,17,SINALOA,6,3,URBANA,2,-108.564636,25.793126
3578,17,SINALOA,6,3,URBANA,2,-108.559895,25.794221
3579,17,SINALOA,6,3,URBANA,2,-108.560075,25.789855
3580,17,SINALOA,6,3,URBANA,2,-108.563859,25.789742
3581,17,SINALOA,6,3,URBANA,2,-108.608728,25.787061
3582,17,SINALOA,6,3,URBANA,2,-108.600327,25.789189
3583,17,SINALOA,6,3,URBANA,2,-108.598941,25.782769
3584,17,SINALOA,6,3,MIXTA,3,-108.608866,25.756532
3585,17,SINALOA,6,3,RURAL,4,-108.662336,25.769665
3586,17,SINALOA,6,3,RURAL,4,-108.658987,25.769089
3587,17,SINALOA,6,3,RURAL,4,-108.673639,25.741289
3588,17,SINALOA,6,3,RURAL,4,-108.614583,25.711863
3589,17,SINALOA,6,3,RURAL,4,-108.611042,25.709066
3590,17,SINALOA,6,3,RURAL,4,-108.638778,25.698713
3591,17,SINALOA,6,3,URBANA,2,-108.68016,25.701765
3592,17,SINALOA,6,3,URBANA,2,-108.679157,25.704855
3593,17,SINALOA,6,3,URBANA,2,-108.674174,25.702094
3594,17,SINALOA,6,3,URBANA,2,-108.676098,25.699508
3595,17,SINALOA,6,3,RURAL,4,-108.588199,25.707479
3596,17,SINALOA,6,3,RURAL,4,-108.583622,25.706145
3597,17,SINALOA,6,3,RURAL,4,-108.583495,25.708817
3598,17,SINALOA,6,3,RURAL,4,-108.477591,25.758391
3599,17,SINALOA,6,3,RURAL,4,-108.323367,25.750849
3600,17,SINALOA,6,3,RURAL,4,-108.305927,25.748318
3601,17,SINALOA,6,3,RURAL,4,-108.238578,25.742983
3602,17,SINALOA,6,3,RURAL,4,-108.153643,25.744122
3603,17,SINALOA,6,3,RURAL,4,-108.106482,25.724515
3604,17,SINALOA,6,3,RURAL,4,-108.146654,25.698567
3605,17,SINALOA,6,3,RURAL,4,-108.095606,25.686456
3606,17,SINALOA,6,3,RURAL,4,-108.072402,25.653443
3607,17,SINALOA,6,3,RURAL,4,-108.234908,25.688445
3608,17,SINALOA,6,3,MIXTA,3,-108.238722,25.645238
3609,17,SINALOA,6,3,MIXTA,3,-108.154342,25.644919
3610,17,SINALOA,6,3,URBANA,2,-108.292424,25.684642
3611,17,SINALOA,6,3,URBANA,2,-108.293082,25.67983
3612,17,SINALOA,6,3,URBANA,2,-108.298534,25.683293
3613,17,SINALOA,6,3,RURAL,4,-108.295391,25.695656
3614,18,NAVOLATO,10,3,URBANA,2,-107.702353,24.772967
3615,18,NAVOLATO,10,3,URBANA,2,-107.697481,24.774165
3616,18,NAVOLATO,10,3,URBANA,2,-107.694077,24.772335
3617,18,NAVOLATO,10,3,URBANA,2,-107.691732,24.772033
3618,18,NAVOLATO,10,3,URBANA,2,-107.687877,24.769687
3619,18,NAVOLATO,10,3,URBANA,2,-107.683911,24.763674
3620,18,NAVOLATO,10,3,URBANA,2,-107.687832,24.764543
3621,18,NAVOLATO,10,3,URBANA,2,-107.690542,24.766255
3622,18,NAVOLATO,10,3,URBANA,2,-107.690855,24.764186
3623,18,NAVOLATO,10,3,URBANA,2,-107.695691,24.765618
3624,18,NAVOLATO,10,3,URBANA,2,-107.694816,24.766997
3625,18,NAVOLATO,10,3,URBANA,2,-107.694516,24.768194
3626,18,NAVOLATO,10,3,URBANA,2,-107.698467,24.767346
3627,18,NAVOLATO,10,3,URBANA,2,-107.700512,24.766257
3628,18,NAVOLATO,10,3,URBANA,2,-107.700291,24.768252
3629,18,NAVOLATO,10,3,URBANA,2,-107.70232,24.767945
3631,18,NAVOLATO,10,3,URBANA,2,-107.705505,24.766856
3632,18,NAVOLATO,10,3,URBANA,2,-107.707175,24.767636
3633,18,NAVOLATO,10,3,URBANA,2,-107.709255,24.764808
3634,18,NAVOLATO,10,3,URBANA,2,-107.710219,24.770107
3635,18,NAVOLATO,10,3,URBANA,2,-107.723432,24.765121
3636,18,NAVOLATO,10,3,URBANA,2,-107.719316,24.76049
3637,18,NAVOLATO,10,3,URBANA,2,-107.710494,24.759612
3638,18,NAVOLATO,10,3,URBANA,2,-107.70532,24.765109
3639,18,NAVOLATO,10,3,URBANA,2,-107.70278,24.764868
3640,18,NAVOLATO,10,3,URBANA,2,-107.6999,24.76488
3641,18,NAVOLATO,10,3,URBANA,2,-107.702342,24.759477
3642,18,NAVOLATO,10,3,URBANA,2,-107.697062,24.757787
3643,18,NAVOLATO,10,3,URBANA,2,-107.693014,24.762103
3644,18,NAVOLATO,10,3,URBANA,2,-107.689429,24.761702
3645,18,NAVOLATO,10,3,URBANA,2,-107.691095,24.758468
3646,18,NAVOLATO,10,3,MIXTA,3,-107.678869,24.740354
3647,18,NAVOLATO,10,3,URBANA,2,-107.684686,24.759434
3648,18,NAVOLATO,9,3,RURAL,4,-107.897639,25.004524
3649,18,NAVOLATO,9,3,RURAL,4,-107.86356,25.00789
3650,18,NAVOLATO,9,3,RURAL,4,-107.896489,24.933715
3651,18,NAVOLATO,9,3,URBANA,2,-107.824011,24.966424
3652,18,NAVOLATO,9,3,MIXTA,3,-107.789519,24.920498
3653,18,NAVOLATO,9,3,URBANA,2,-107.825104,24.936674
3654,18,NAVOLATO,9,3,MIXTA,3,-107.840395,24.926338
3655,18,NAVOLATO,9,3,RURAL,4,-107.871216,24.853466
3656,18,NAVOLATO,10,3,RURAL,4,-107.747242,24.886394
3657,18,NAVOLATO,10,3,RURAL,4,-107.688888,24.871691
3658,18,NAVOLATO,10,3,RURAL,4,-107.636897,24.855868
3659,18,NAVOLATO,10,3,URBANA,2,-107.603701,24.797973
3660,18,NAVOLATO,10,3,MIXTA,3,-107.590358,24.803474
3661,18,NAVOLATO,10,3,RURAL,4,-107.616032,24.833476
3662,18,NAVOLATO,10,3,RURAL,4,-107.621438,24.793532
3663,18,NAVOLATO,10,3,URBANA,2,-107.661035,24.826072
3664,18,NAVOLATO,10,3,MIXTA,3,-107.657125,24.830814
3665,18,NAVOLATO,10,3,URBANA,2,-107.6516,24.824047
3666,18,NAVOLATO,10,3,URBANA,2,-107.650272,24.820756
3667,18,NAVOLATO,10,3,URBANA,2,-107.655392,24.821919
3668,18,NAVOLATO,10,3,URBANA,2,-107.663057,24.823621
3669,18,NAVOLATO,10,3,URBANA,2,-107.663082,24.820846
3670,18,NAVOLATO,10,3,URBANA,2,-107.662942,24.817765
3671,18,NAVOLATO,10,3,URBANA,2,-107.65553,24.818489
3672,18,NAVOLATO,10,3,MIXTA,3,-107.647012,24.818034
3673,18,NAVOLATO,10,3,URBANA,2,-107.655938,24.814365
3674,18,NAVOLATO,10,3,MIXTA,3,-107.665696,24.826747
3675,18,NAVOLATO,10,3,RURAL,4,-107.693681,24.82909
3676,18,NAVOLATO,10,3,RURAL,4,-107.722751,24.839189
3677,18,NAVOLATO,10,3,RURAL,4,-107.749634,24.823668
3678,18,NAVOLATO,10,3,RURAL,4,-107.770573,24.839995
3679,18,NAVOLATO,10,3,URBANA,2,-107.815936,24.821414
3680,18,NAVOLATO,10,3,MIXTA,3,-107.803788,24.844646
3681,18,NAVOLATO,10,3,MIXTA,3,-107.785672,24.806691
3682,18,NAVOLATO,9,3,MIXTA,3,-107.830776,24.781787
3683,18,NAVOLATO,10,3,MIXTA,3,-107.743837,24.788193
3684,18,NAVOLATO,10,3,URBANA,2,-107.726187,24.770569
3685,18,NAVOLATO,10,3,MIXTA,3,-107.700233,24.782539
3686,18,NAVOLATO,10,3,MIXTA,3,-107.695217,24.784116
3687,18,NAVOLATO,10,3,URBANA,2,-107.694702,24.779793
3688,18,NAVOLATO,10,3,RURAL,4,-107.669435,24.794031
3689,18,NAVOLATO,10,3,RURAL,4,-107.644702,24.795915
3690,18,NAVOLATO,10,3,RURAL,4,-107.589511,24.783527
3691,18,NAVOLATO,10,3,RURAL,4,-107.576441,24.790024
3692,18,NAVOLATO,10,3,URBANA,2,-107.56428,24.777473
3693,18,NAVOLATO,10,3,URBANA,2,-107.540722,24.786987
3694,18,NAVOLATO,10,3,URBANA,2,-107.550428,24.767339
3695,18,NAVOLATO,10,3,URBANA,2,-107.557588,24.771326
3696,18,NAVOLATO,10,3,MIXTA,3,-107.562909,24.766891
3697,18,NAVOLATO,10,3,RURAL,4,-107.590727,24.771429
3698,18,NAVOLATO,10,3,RURAL,4,-107.576056,24.759001
3699,18,NAVOLATO,10,3,RURAL,4,-107.609047,24.774571
3700,18,NAVOLATO,10,3,RURAL,4,-107.624199,24.77269
3701,18,NAVOLATO,10,3,URBANA,2,-107.648061,24.770833
3702,18,NAVOLATO,10,3,MIXTA,3,-107.646726,24.77683
3703,18,NAVOLATO,10,3,URBANA,2,-107.642812,24.767369
3704,18,NAVOLATO,10,3,URBANA,2,-107.667384,24.766698
3705,18,NAVOLATO,10,3,URBANA,2,-107.665471,24.764997
3706,18,NAVOLATO,10,3,MIXTA,3,-107.656934,24.761841
3707,18,NAVOLATO,10,3,MIXTA,3,-107.676964,24.763879
3708,18,NAVOLATO,10,3,RURAL,4,-107.74308,24.765634
3709,18,NAVOLATO,9,3,RURAL,4,-107.7946,24.751123
3710,18,NAVOLATO,9,3,MIXTA,3,-107.951518,24.73808
3711,18,NAVOLATO,9,3,URBANA,2,-107.971852,24.717092
3712,18,NAVOLATO,9,3,URBANA,2,-107.974699,24.715103
3713,18,NAVOLATO,9,3,RURAL,4,-107.844814,24.745762
3714,18,NAVOLATO,10,3,MIXTA,3,-107.784852,24.726842
3715,18,NAVOLATO,10,3,URBANA,2,-107.794127,24.714593
3716,18,NAVOLATO,10,3,MIXTA,3,-107.808016,24.706839
3717,18,NAVOLATO,10,3,MIXTA,3,-107.760251,24.746681
3718,18,NAVOLATO,10,3,URBANA,2,-107.744905,24.739923
3719,18,NAVOLATO,10,3,RURAL,4,-107.71888,24.74362
3720,18,NAVOLATO,10,3,RURAL,4,-107.629209,24.756709
3721,18,NAVOLATO,10,3,MIXTA,3,-107.62623,24.731204
3722,18,NAVOLATO,10,3,MIXTA,3,-107.648489,24.734355
3723,18,NAVOLATO,10,3,RURAL,4,-107.605441,24.744667
3724,18,NAVOLATO,10,3,RURAL,4,-107.587742,24.712016
3725,18,NAVOLATO,10,3,URBANA,2,-107.555079,24.736062
3726,18,NAVOLATO,10,3,MIXTA,3,-107.542712,24.752606
3727,18,NAVOLATO,10,3,RURAL,4,-107.531206,24.708751
3728,18,NAVOLATO,10,3,RURAL,4,-107.572613,24.674561
3729,18,NAVOLATO,10,3,URBANA,2,-107.643721,24.685739
3730,18,NAVOLATO,10,3,MIXTA,3,-107.609117,24.658238
3731,18,NAVOLATO,10,3,RURAL,4,-107.676492,24.674305
3732,18,NAVOLATO,10,3,RURAL,4,-107.711212,24.726416
3733,18,NAVOLATO,10,3,RURAL,4,-107.725626,24.718957
3734,18,NAVOLATO,10,3,RURAL,4,-107.691424,24.71211
3735,18,NAVOLATO,10,3,RURAL,4,-107.686721,24.695094
3736,18,NAVOLATO,10,3,MIXTA,3,-107.71404,24.698884
3737,18,NAVOLATO,10,3,URBANA,2,-107.707163,24.690398
3738,18,NAVOLATO,10,3,MIXTA,3,-107.726001,24.680682
3739,18,NAVOLATO,10,3,RURAL,4,-107.747189,24.727767
3740,18,NAVOLATO,10,3,RURAL,4,-107.756228,24.724229
3741,18,NAVOLATO,10,3,RURAL,4,-107.749944,24.701809
3742,18,NAVOLATO,10,3,RURAL,4,-107.794012,24.663218
3743,18,NAVOLATO,9,3,RURAL,4,-107.828924,24.704118
3744,18,NAVOLATO,9,3,RURAL,4,-107.860031,24.707041
3745,18,NAVOLATO,9,3,RURAL,4,-107.874757,24.662936
3746,18,NAVOLATO,9,3,URBANA,2,-107.938442,24.64819
3747,18,NAVOLATO,9,3,MIXTA,3,-107.923301,24.630835
3748,18,NAVOLATO,9,3,RURAL,4,-107.878823,24.62686
3749,18,NAVOLATO,10,3,MIXTA,3,-107.763446,24.604848
3750,18,NAVOLATO,10,3,URBANA,2,-107.792433,24.568021
3751,18,NAVOLATO,10,3,URBANA,2,-107.791755,24.566762
3752,18,NAVOLATO,10,3,RURAL,4,-107.698545,24.670718
3753,18,NAVOLATO,10,3,RURAL,4,-107.695825,24.645452
3754,18,NAVOLATO,10,3,RURAL,4,-107.652511,24.640737
3756,18,NAVOLATO,10,3,MIXTA,3,-107.553405,24.657917
3757,18,NAVOLATO,10,3,URBANA,2,-107.538171,24.662985
3758,18,NAVOLATO,10,3,URBANA,2,-107.535172,24.66045
3759,18,NAVOLATO,10,3,URBANA,2,-107.533843,24.659283
3760,18,NAVOLATO,10,3,URBANA,2,-107.532458,24.658928
3761,18,NAVOLATO,10,3,URBANA,2,-107.530347,24.659246
3762,18,NAVOLATO,10,3,URBANA,2,-107.524045,24.659052
3763,18,NAVOLATO,10,3,URBANA,2,-107.539245,24.657344
3764,18,NAVOLATO,10,3,URBANA,2,-107.541072,24.659095
3765,18,NAVOLATO,10,3,URBANA,2,-107.550844,24.657028
3766,18,NAVOLATO,10,3,URBANA,2,-107.542188,24.655967
3767,18,NAVOLATO,10,3,URBANA,2,-107.540809,24.652164
3768,18,NAVOLATO,10,3,MIXTA,3,-107.516794,24.670341
3770,18,NAVOLATO,10,3,RURAL,4,-107.566853,24.627903
3772,18,NAVOLATO,10,3,RURAL,4,-107.581405,24.600818
3773,18,NAVOLATO,10,3,URBANA,2,-107.658098,24.629612
3774,18,NAVOLATO,10,3,URBANA,2,-107.642555,24.626719
3775,18,NAVOLATO,10,3,RURAL,4,-107.636593,24.607706
3776,18,NAVOLATO,10,3,RURAL,4,-107.686873,24.612856
3777,18,NAVOLATO,10,3,URBANA,2,-107.671987,24.59732
3778,18,NAVOLATO,10,3,MIXTA,3,-107.709939,24.557047
3779,18,NAVOLATO,10,3,RURAL,4,-107.53646,24.585738
3780,18,NAVOLATO,10,3,RURAL,4,-107.554597,24.550884
3781,18,NAVOLATO,10,3,RURAL,4,-107.550981,24.530193
3782,18,NAVOLATO,10,3,RURAL,4,-107.579055,24.569335
3783,18,NAVOLATO,10,3,MIXTA,3,-107.631737,24.577371
3784,18,NAVOLATO,10,3,URBANA,2,-107.664103,24.573037
3785,18,NAVOLATO,10,3,URBANA,2,-107.665772,24.566587
3786,18,NAVOLATO,10,3,MIXTA,3,-107.649679,24.519528
3787,18,NAVOLATO,10,3,URBANA,2,-107.701458,24.545212
3788,18,NAVOLATO,10,3,URBANA,2,-107.701583,24.541787
3789,18,NAVOLATO,10,3,URBANA,2,-107.704704,24.541298
3790,12,MAZATLAN,20,6,URBANA,2,-106.393046,23.287681
3791,12,MAZATLAN,20,6,URBANA,2,-106.399372,23.287279
3792,12,MAZATLAN,20,6,URBANA,2,-106.394921,23.282659
3793,12,MAZATLAN,20,6,URBANA,2,-106.400996,23.282649
3794,12,MAZATLAN,20,6,URBANA,2,-106.409123,23.279784
3795,12,MAZATLAN,20,6,URBANA,2,-106.395225,23.278019
3796,12,MAZATLAN,20,6,URBANA,2,-106.40476,23.279958
3797,12,MAZATLAN,20,6,URBANA,2,-106.400714,23.276891
3798,12,MAZATLAN,20,6,URBANA,2,-106.40154,23.279708
3799,12,MAZATLAN,20,6,URBANA,2,-106.411135,23.276854
3800,12,MAZATLAN,20,6,URBANA,2,-106.405678,23.27632
3801,12,MAZATLAN,20,6,URBANA,2,-106.398143,23.273259
3802,12,MAZATLAN,20,6,URBANA,2,-106.410346,23.275016
3803,12,MAZATLAN,20,6,URBANA,2,-106.411064,23.273608
3804,12,MAZATLAN,20,6,URBANA,2,-106.405175,23.272424
3805,12,MAZATLAN,20,6,URBANA,2,-106.400579,23.268932
3806,12,MAZATLAN,20,6,URBANA,2,-106.413275,23.271829
3807,12,MAZATLAN,20,6,URBANA,2,-106.410377,23.271122
3808,12,MAZATLAN,20,6,URBANA,2,-106.406926,23.269619
3809,12,MAZATLAN,20,6,URBANA,2,-106.413774,23.267703
3810,12,MAZATLAN,20,6,URBANA,2,-106.410249,23.268559
3811,12,MAZATLAN,21,6,URBANA,2,-106.419875,23.268318
3812,12,MAZATLAN,20,6,URBANA,2,-106.408355,23.2685
3813,12,MAZATLAN,21,6,URBANA,2,-106.417752,23.266557
3814,12,MAZATLAN,20,6,URBANA,2,-106.410769,23.266281
3815,12,MAZATLAN,20,6,URBANA,2,-106.408521,23.265954
3816,12,MAZATLAN,20,6,URBANA,2,-106.389637,23.27247
3817,12,MAZATLAN,20,6,URBANA,2,-106.390582,23.270025
3818,12,MAZATLAN,20,6,URBANA,2,-106.386011,23.269069
3819,12,MAZATLAN,20,6,URBANA,2,-106.389702,23.267425
3820,12,MAZATLAN,20,6,URBANA,2,-106.385562,23.266424
3821,12,MAZATLAN,20,1,URBANA,2,-106.380785,23.265184
3822,12,MAZATLAN,20,6,URBANA,2,-106.388204,23.26468
3823,12,MAZATLAN,20,1,URBANA,2,-106.384086,23.263851
3824,12,MAZATLAN,20,6,URBANA,2,-106.389787,23.263269
3825,12,MAZATLAN,20,1,URBANA,2,-106.384352,23.261891
3826,12,MAZATLAN,20,1,URBANA,2,-106.380449,23.262251
3827,12,MAZATLAN,20,1,URBANA,2,-106.386142,23.261243
3828,12,MAZATLAN,20,1,URBANA,2,-106.389345,23.259459
3829,12,MAZATLAN,20,1,URBANA,2,-106.380186,23.258977
3830,12,MAZATLAN,20,1,URBANA,2,-106.383624,23.258457
3831,12,MAZATLAN,20,1,URBANA,2,-106.386737,23.258525
3832,12,MAZATLAN,20,1,URBANA,2,-106.374938,23.258819
3833,12,MAZATLAN,20,1,URBANA,2,-106.37741,23.258923
3834,12,MAZATLAN,20,1,URBANA,2,-106.377817,23.256199
3835,12,MAZATLAN,22,1,URBANA,2,-106.379477,23.255274
3836,12,MAZATLAN,20,1,URBANA,2,-106.374377,23.255891
3837,12,MAZATLAN,23,1,URBANA,2,-106.37442,23.2535
3838,6,CULIACAN,12,5,URBANA,2,-107.437317,24.834185
3839,6,CULIACAN,12,5,URBANA,2,-107.433591,24.832055
3840,6,CULIACAN,12,5,URBANA,2,-107.429289,24.826972
3841,6,CULIACAN,12,5,URBANA,2,-107.435332,24.829791
3842,6,CULIACAN,12,5,URBANA,2,-107.44211,24.826325
3843,6,CULIACAN,12,5,URBANA,2,-107.437005,24.820272
3844,6,CULIACAN,14,5,URBANA,2,-107.431303,24.823229
3845,6,CULIACAN,14,5,URBANA,2,-107.427762,24.819611
3846,6,CULIACAN,12,5,URBANA,2,-107.442856,24.8171
3847,6,CULIACAN,14,5,URBANA,2,-107.432542,24.81791
3848,1,AHOME,2,2,URBANA,2,-109.033382,25.807203
3849,1,AHOME,2,2,URBANA,2,-109.029991,25.804033
3850,1,AHOME,5,2,URBANA,2,-109.026415,25.798711
3851,1,AHOME,5,2,URBANA,2,-109.02313,25.796714
3852,1,AHOME,5,2,URBANA,2,-109.033429,25.79644
3853,1,AHOME,5,2,URBANA,2,-109.029174,25.787835
3854,1,AHOME,5,2,URBANA,2,-109.011371,25.777314
3855,1,AHOME,5,2,URBANA,2,-109.014426,25.773199
3856,1,AHOME,5,2,URBANA,2,-109.023571,25.764197
3857,1,AHOME,5,2,URBANA,2,-109.024377,25.781776
3858,1,AHOME,5,2,URBANA,2,-109.014364,25.780478
3859,1,AHOME,5,2,URBANA,2,-109.020079,25.781217
3860,1,AHOME,5,2,URBANA,2,-109.026035,25.77589
3861,1,AHOME,5,2,URBANA,2,-109.018662,25.775803
3862,1,AHOME,5,2,URBANA,2,-109.005471,25.774789
3863,1,AHOME,5,2,URBANA,2,-109.008833,25.769562
3864,1,AHOME,5,2,URBANA,2,-109.000956,25.772213
3865,1,AHOME,5,2,URBANA,2,-109.004303,25.770595
3866,1,AHOME,5,2,URBANA,2,-109.006494,25.767437
3867,1,AHOME,5,2,URBANA,2,-109.004423,25.763216
3868,1,AHOME,5,2,URBANA,2,-109.001726,25.760213
3869,1,AHOME,5,2,URBANA,2,-109.008722,25.757926
3870,1,AHOME,4,2,URBANA,2,-108.998603,25.75687
3871,1,AHOME,4,2,URBANA,2,-108.994867,25.752311
3872,1,AHOME,4,2,URBANA,2,-108.99294,25.764468
3873,1,AHOME,4,2,URBANA,2,-108.988574,25.762261
3874,1,AHOME,4,2,URBANA,2,-108.992517,25.75798
3875,1,AHOME,4,2,URBANA,2,-108.982819,25.759534
3876,1,AHOME,4,2,URBANA,2,-108.982737,25.755261
3877,1,AHOME,4,2,URBANA,2,-108.986817,25.752376
3878,1,AHOME,4,2,URBANA,2,-108.988885,25.768182
3879,1,AHOME,4,2,URBANA,2,-108.982005,25.764294
3880,1,AHOME,4,2,URBANA,2,-108.985307,25.770696
3881,1,AHOME,4,2,URBANA,2,-108.978474,25.766837
3882,1,AHOME,4,2,URBANA,2,-108.965865,25.777798
3883,1,AHOME,4,2,URBANA,2,-108.972601,25.775541
3884,1,AHOME,2,2,URBANA,2,-108.991261,25.828341
3885,1,AHOME,2,2,URBANA,2,-108.996726,25.822751
3886,1,AHOME,2,2,URBANA,2,-109.000005,25.817712
3887,1,AHOME,2,2,URBANA,2,-108.986374,25.820877
3888,1,AHOME,2,2,URBANA,2,-108.988705,25.817806
3889,1,AHOME,2,2,URBANA,2,-108.989404,25.816186
3890,12,MAZATLAN,22,1,URBANA,2,-106.386294,23.250182
3891,12,MAZATLAN,22,1,URBANA,2,-106.408276,23.213785
3892,6,CULIACAN,15,5,URBANA,2,-107.456969,24.772217
3893,6,CULIACAN,15,5,URBANA,2,-107.458047,24.767061
3894,6,CULIACAN,15,5,URBANA,2,-107.452849,24.760973
3895,6,CULIACAN,15,5,URBANA,2,-107.457681,24.763041
3896,6,CULIACAN,15,5,URBANA,2,-107.457727,24.759338
3897,6,CULIACAN,15,5,URBANA,2,-107.457871,24.754772
3898,6,CULIACAN,16,5,URBANA,2,-107.391692,24.77117
3899,6,CULIACAN,16,5,URBANA,2,-107.389927,24.767914
3900,6,CULIACAN,16,5,URBANA,2,-107.392748,24.765914
3901,6,CULIACAN,16,5,URBANA,2,-107.394083,24.762869
3902,6,CULIACAN,16,5,URBANA,2,-107.398322,24.761477
3903,6,CULIACAN,16,5,URBANA,2,-107.392433,24.758822
3904,6,CULIACAN,16,5,URBANA,2,-107.395552,24.755195
3905,6,CULIACAN,16,5,URBANA,2,-107.418685,24.762216
3906,6,CULIACAN,16,5,URBANA,2,-107.416123,24.756913
3907,6,CULIACAN,16,5,URBANA,2,-107.410138,24.756439
3908,6,CULIACAN,16,5,URBANA,2,-107.407387,24.752251
3909,6,CULIACAN,16,5,URBANA,2,-107.412315,24.752153
3910,6,CULIACAN,16,5,URBANA,2,-107.412523,24.747563
3911,12,MAZATLAN,20,6,URBANA,2,-106.405662,23.266591
3912,12,MAZATLAN,20,6,URBANA,2,-106.41245,23.263573
3913,12,MAZATLAN,20,6,URBANA,2,-106.406882,23.261927
3914,12,MAZATLAN,20,6,URBANA,2,-106.407924,23.258107
3915,6,CULIACAN,17,7,MIXTA,3,-107.317508,24.797331
3916,6,CULIACAN,17,7,URBANA,2,-107.332595,24.802861
3917,6,CULIACAN,17,7,URBANA,2,-107.334726,24.79988
3918,6,CULIACAN,17,7,URBANA,2,-107.344386,24.800141
3919,6,CULIACAN,17,7,URBANA,2,-107.339581,24.799576
3920,6,CULIACAN,17,7,URBANA,2,-107.342892,24.793224
3921,6,CULIACAN,17,7,URBANA,2,-107.332991,24.780767
3922,6,CULIACAN,17,7,MIXTA,3,-107.330188,24.738111
3923,12,MAZATLAN,23,1,MIXTA,3,-106.361634,23.286985
3924,12,MAZATLAN,23,1,URBANA,2,-106.372277,23.277536
3925,12,MAZATLAN,23,1,URBANA,2,-106.377108,23.277206
3926,12,MAZATLAN,23,1,URBANA,2,-106.374529,23.275711
3927,12,MAZATLAN,23,1,URBANA,2,-106.366505,23.273385
3928,12,MAZATLAN,23,1,URBANA,2,-106.375405,23.27432
3929,12,MAZATLAN,23,1,URBANA,2,-106.378165,23.27303
3930,12,MAZATLAN,23,1,MIXTA,3,-106.356939,23.269596
3931,12,MAZATLAN,23,1,MIXTA,3,-106.349328,23.237836
3932,12,MAZATLAN,23,1,URBANA,2,-106.372298,23.270456
3933,12,MAZATLAN,23,1,URBANA,2,-106.377521,23.268329
3934,11,GUASAVE,8,4,URBANA,2,-108.480219,25.559372
3935,11,GUASAVE,8,4,URBANA,2,-108.489737,25.559089
3936,11,GUASAVE,8,4,URBANA,2,-108.494544,25.552966
3937,11,GUASAVE,8,4,URBANA,2,-108.487552,25.553771
3938,11,GUASAVE,8,4,URBANA,2,-108.485312,25.550582
3939,6,CULIACAN,12,5,URBANA,2,-107.451709,24.824492
3940,6,CULIACAN,12,5,URBANA,2,-107.449499,24.817956
3941,6,CULIACAN,12,5,URBANA,2,-107.450105,24.810079
3942,6,CULIACAN,12,5,URBANA,2,-107.468135,24.80909
3943,6,CULIACAN,12,5,URBANA,2,-107.46094,24.80822
3944,6,CULIACAN,12,5,URBANA,2,-107.454487,24.794913
3945,6,CULIACAN,12,5,URBANA,2,-107.467956,24.805899
3946,6,CULIACAN,12,5,URBANA,2,-107.470024,24.801848
3947,6,CULIACAN,12,5,URBANA,2,-107.46245,24.802452
3948,6,CULIACAN,12,5,URBANA,2,-107.465076,24.794431
3949,12,MAZATLAN,20,6,MIXTA,3,-106.424254,23.319995
3950,12,MAZATLAN,20,6,MIXTA,3,-106.449117,23.309474
3951,12,MAZATLAN,20,6,MIXTA,3,-106.420992,23.29688
3952,12,MAZATLAN,20,6,URBANA,2,-106.390595,23.290347
3953,12,MAZATLAN,20,6,URBANA,2,-106.412522,23.290704
3954,12,MAZATLAN,20,6,URBANA,2,-106.423412,23.289115
3955,12,MAZATLAN,20,6,URBANA,2,-106.41955,23.290518
3956,12,MAZATLAN,20,6,MIXTA,3,-106.419205,23.284935
3957,12,MAZATLAN,20,6,MIXTA,3,-106.438249,23.283724
3958,12,MAZATLAN,20,6,URBANA,2,-106.425576,23.28615
3959,12,MAZATLAN,20,6,URBANA,2,-106.429515,23.285142
3960,12,MAZATLAN,20,6,URBANA,2,-106.380753,23.281857
3961,12,MAZATLAN,20,6,MIXTA,3,-106.426169,23.281554
3962,12,MAZATLAN,20,6,MIXTA,3,-106.384963,23.276737
3963,12,MAZATLAN,20,6,URBANA,2,-106.394068,23.266833
3964,12,MAZATLAN,20,6,URBANA,2,-106.401107,23.260293
3965,6,CULIACAN,11,7,URBANA,2,-107.363202,24.853373
3966,6,CULIACAN,11,7,URBANA,2,-107.356689,24.850588
3967,6,CULIACAN,11,7,URBANA,2,-107.363506,24.848327
3968,6,CULIACAN,11,7,URBANA,2,-107.358312,24.846035
3969,6,CULIACAN,11,7,URBANA,2,-107.370923,24.843482
3970,6,CULIACAN,11,7,URBANA,2,-107.364933,24.840571
3971,6,CULIACAN,11,7,URBANA,2,-107.374855,24.841968
3972,6,CULIACAN,11,7,URBANA,2,-107.373119,24.839107
3973,6,CULIACAN,11,7,URBANA,2,-107.360199,24.832258
3974,6,CULIACAN,11,7,URBANA,2,-107.371906,24.83471
3975,1,AHOME,5,2,URBANA,2,-109.036526,25.784377
3976,1,AHOME,5,2,URBANA,2,-109.043496,25.78766
3977,1,AHOME,5,2,URBANA,2,-109.039494,25.768832
3978,6,CULIACAN,12,5,URBANA,2,-107.430574,24.849561
3979,6,CULIACAN,12,5,URBANA,2,-107.424285,24.84774
3980,6,CULIACAN,12,5,URBANA,2,-107.428111,24.843128
3981,6,CULIACAN,12,5,URBANA,2,-107.423605,24.843912
3982,6,CULIACAN,12,5,URBANA,2,-107.420973,24.839612
3983,6,CULIACAN,12,5,URBANA,2,-107.430289,24.837518
3984,6,CULIACAN,12,5,URBANA,2,-107.424485,24.834885
3985,12,MAZATLAN,21,6,URBANA,2,-106.43528,23.277493
3986,12,MAZATLAN,21,6,URBANA,2,-106.429477,23.274777
3987,12,MAZATLAN,21,6,URBANA,2,-106.427776,23.270219
3988,12,MAZATLAN,21,6,URBANA,2,-106.424839,23.265876
3989,12,MAZATLAN,21,6,URBANA,2,-106.419891,23.262159
3990,12,MAZATLAN,21,6,URBANA,2,-106.421307,23.256402
3991,6,CULIACAN,16,7,URBANA,2,-107.384812,24.757634
3992,6,CULIACAN,16,7,URBANA,2,-107.388777,24.754962
3993,6,CULIACAN,16,7,URBANA,2,-107.389866,24.748515
3994,6,CULIACAN,16,7,URBANA,2,-107.385168,24.749425
3995,6,CULIACAN,16,7,URBANA,2,-107.383137,24.74076
3996,6,CULIACAN,16,7,URBANA,2,-107.387366,24.720062
3997,6,CULIACAN,16,7,URBANA,2,-107.405726,24.730145
3998,6,CULIACAN,15,5,URBANA,2,-107.418119,24.752091
3999,6,CULIACAN,15,5,URBANA,2,-107.415329,24.751429
4000,6,CULIACAN,15,5,URBANA,2,-107.421347,24.749068
4001,6,CULIACAN,15,5,URBANA,2,-107.423292,24.745105
4002,6,CULIACAN,15,5,URBANA,2,-107.416237,24.74717
4003,6,CULIACAN,15,5,URBANA,2,-107.41703,24.742834
4004,6,CULIACAN,12,5,MIXTA,3,-107.471078,24.831295
4005,6,CULIACAN,12,5,URBANA,2,-107.459646,24.832725
4006,6,CULIACAN,12,5,URBANA,2,-107.455341,24.831556
4007,6,CULIACAN,12,5,URBANA,2,-107.459986,24.827941
4008,6,CULIACAN,12,5,URBANA,2,-107.455474,24.827998
4009,6,CULIACAN,12,5,URBANA,2,-107.459422,24.824668
4010,6,CULIACAN,12,5,URBANA,2,-107.474961,24.815756
4011,6,CULIACAN,12,5,URBANA,2,-107.490141,24.8045
4012,6,CULIACAN,12,5,URBANA,2,-107.476233,24.809003
4013,6,CULIACAN,12,5,URBANA,2,-107.476166,24.793761
4014,6,CULIACAN,11,7,URBANA,2,-107.380497,24.869396
4015,6,CULIACAN,11,7,URBANA,2,-107.389407,24.866605
4016,6,CULIACAN,11,7,URBANA,2,-107.386394,24.864678
4017,6,CULIACAN,11,7,URBANA,2,-107.390499,24.861705
4018,6,CULIACAN,11,7,URBANA,2,-107.384962,24.860027
4019,6,CULIACAN,11,7,URBANA,2,-107.390462,24.856294
4020,6,CULIACAN,16,7,URBANA,2,-107.37853,24.759402
4021,6,CULIACAN,16,7,URBANA,2,-107.382455,24.754541
4022,6,CULIACAN,16,7,URBANA,2,-107.378625,24.75378
4023,6,CULIACAN,16,7,URBANA,2,-107.381151,24.749607
4024,6,CULIACAN,17,7,URBANA,2,-107.351418,24.766763
4025,6,CULIACAN,17,7,URBANA,2,-107.355914,24.765553
4026,6,CULIACAN,17,7,URBANA,2,-107.358767,24.762585
4027,6,CULIACAN,17,7,URBANA,2,-107.350337,24.762233
4028,6,CULIACAN,17,7,URBANA,2,-107.35425,24.761146
4029,6,CULIACAN,17,7,URBANA,2,-107.361633,24.758423
